품목코드,품명,로트번호,제품라인,제조일자,상태,통번호,통용량,현재위치
3EDDSKN-001,니들리 데일리 토너,2E011D,etc.,2025-04-02,잔량,2,80.0,6층-A1
3MDPMSK-004,메디필 시카 쿨링 진정 패드_벌크,2E179C,etc.,2025-03-24,잔량,1,480.0,창고
3EDDMSK-002,니들리 데일리 토너 패드,2E177J,etc.,2025-10-31,외주,1,1000.0,외주
3EDDMSK-002,니들리 데일리 토너 패드,2E177J,etc.,2025-10-31,외주,2,1000.0,외주
3EDDMSK-002,니들리 데일리 토너 패드,2E177J,etc.,2025-10-31,외주,3,1000.0,외주
3EDDMSK-002,니들리 데일리 토너 패드,2E177J,etc.,2025-10-31,외주,4,1000.0,외주
3EDDMSK-002,니들리 데일리 토너 패드,2E177J,etc.,2025-10-31,외주,5,1000.0,외주
3EDDMSK-002,니들리 데일리 토너 패드,2E012K,etc.,2025-11-04,외주,1,830.0,외주
3EDDMSK-002,니들리 데일리 토너 패드,2E012K,etc.,2025-11-04,외주,2,830.0,외주
3EDDMSK-002,니들리 데일리 토너 패드,2E012K,etc.,2025-11-04,외주,3,830.0,외주
3EDDMSK-002,니들리 데일리 토너 패드,2E012K,etc.,2025-11-04,외주,4,0.0,소진
3VTCLOS-082,VT 에이제트 케어 토너 패드_벌크,2E227C,etc.,2025-03-31,잔량,1,0.0,소진
3VTCLOS-082,VT 에이제트 케어 토너 패드_벌크,2E227C,etc.,2025-03-31,잔량,2,295.0,창고
33CLMSK-055,TADA BEAUTY Essential Collagen 3-STEP Facial Care_1제(마스크팩)_벌크,2E004K,etc.,2025-11-03,잔량,1,0.0,소진
33CLMSK-055,TADA BEAUTY Essential Collagen 3-STEP Facial Care_1제(마스크팩)_벌크,2E004K,etc.,2025-11-03,잔량,2,30.0,4층-A1
33CLMSK-055,TADA BEAUTY Essential Collagen 3-STEP Facial Care_1제(마스크팩)_벌크,2E107D,etc.,2025-04-11,잔량,1,270.0,창고
33CLMSK-055,TADA BEAUTY Essential Collagen 3-STEP Facial Care_1제(마스크팩)_벌크,2E115I,etc.,2025-09-12,잔량,1,131.0,창고
33CLMSK-056,TADA BEAUTY Essential Hyaluronic Acid 3-STEP Facial Care_1제(마스크팩)_벌크,2E003K,etc.,2025-11-03,잔량,1,0.0,소진
33CLMSK-056,TADA BEAUTY Essential Hyaluronic Acid 3-STEP Facial Care_1제(마스크팩)_벌크,2E003K,etc.,2025-11-03,잔량,2,150.0,4층-A1
33CLMSK-056,TADA BEAUTY Essential Hyaluronic Acid 3-STEP Facial Care_1제(마스크팩)_벌크,2E114I,etc.,2025-09-12,잔량,2,103.0,6층-A1
3TNFMSK-001,"큐릿 탄력 케어 마스크-스네일 [보습, 진정]",2E118J,etc.,2025-10-23,잔량,1,56.0,5층-A1
3TNFMSK-001,"큐릿 탄력 케어 마스크-스네일 [보습, 진정]",2E118J,etc.,2025-10-23,잔량,2,610.0,외주
3TNFMSK-002,"큐릿 탄력 케어 마스크-콜라겐 [탄력, 생기]",2E114J,etc.,2025-10-23,잔량,1,63.0,5층-A1
3TNFMSK-002,"큐릿 탄력 케어 마스크-콜라겐 [탄력, 생기]",2E114J,etc.,2025-10-23,잔량,2,610.0,외주
3VTCMSK-063,VT 에이씨 케어 마스크(30매)_벌크,2E238E,etc.,2025-05-21,잔량,1,0.0,소진
3VTCMSK-063,VT 에이씨 케어 마스크(30매)_벌크,2E238E,etc.,2025-05-21,잔량,2,320.0,창고
3VTCMSK-040,VT 프로그로스 너리싱 3STEP 마스크팩_2제(마스크팩)_벌크,2E144J,etc.,2025-10-28,잔량,1,120.0,5층-A1
3VTCMSK-031,VT 시카 카밍 마스크팩_벌크,2E075I,etc.,2025-09-09,외주,1,254.8,외주
3VTCMSK-031,VT 시카 카밍 마스크팩_벌크,2E093J,etc.,2025-10-21,외주,1,900.0,외주
3VTCMSK-031,VT 시카 카밍 마스크팩_벌크,2E093J,etc.,2025-10-21,외주,2,900.0,외주
3VTCMSK-031,VT 시카 카밍 마스크팩_벌크,2E093J,etc.,2025-10-21,외주,3,880.0,외주
33CLMSK-065,CICA BALANCING NOURISHIN PADS_벌크,2E321G,etc.,2025-07-24,잔량,2,63.0,창고
3SUDMSK-007,브라이튼&모이스처라이징마스크,2D222C,etc.,2024-03-25,생산대기,1,1000.0,창고
3SUDMSK-007,브라이튼&모이스처라이징마스크,2D222C,etc.,2024-03-25,생산대기,2,1000.0,창고
3SUDMSK-007,브라이튼&모이스처라이징마스크,2D222C,etc.,2024-03-25,생산대기,3,1000.0,창고
3SUDMSK-007,브라이튼&모이스처라이징마스크,2D220C,etc.,2024-03-25,잔량,1,900.0,창고
3VTCMSK-078,국문_AZ_에이제트 케어 마스크_전성분 변경_330g_30ea_벌크,2E038K,etc.,2025-11-07,잔량,1,0.0,소진
3VTCMSK-078,국문_AZ_에이제트 케어 마스크_전성분 변경_330g_30ea_벌크,2E038K,etc.,2025-11-07,잔량,2,400.0,6층-A1
3VTCMSK-078,국문_AZ_에이제트 케어 마스크_전성분 변경_330g_30ea_벌크,2E138G,etc.,2025-07-10,잔량,1,0.0,소진
3VTCMSK-078,국문_AZ_에이제트 케어 마스크_전성분 변경_330g_30ea_벌크,2E138G,etc.,2025-07-10,잔량,2,390.0,창고
3KGGMSK-002,마이 디자이어 아이스크림 마스크팩(신)_벌크,2E305F,etc.,2025-06-28,생산대기,1,150.0,5층-A1
3VTCMSK-001,시카 데일리 수딩 마스크,2E111I,etc.,2025-09-12,잔량,1,0.0,소진
3VTCMSK-001,시카 데일리 수딩 마스크,2E111I,etc.,2025-09-12,잔량,2,0.0,소진
3VTCMSK-001,시카 데일리 수딩 마스크,2E111I,etc.,2025-09-12,잔량,3,0.0,소진
3VTCMSK-001,시카 데일리 수딩 마스크,2E111I,etc.,2025-09-12,잔량,4,0.0,소진
3VTCMSK-001,시카 데일리 수딩 마스크,2E111I,etc.,2025-09-12,잔량,5,110.0,4층-A1
3VTCMSK-001,시카 데일리 수딩 마스크,2E075J,etc.,2025-10-20,외주,1,910.0,외주
3VTCMSK-001,시카 데일리 수딩 마스크,2E075J,etc.,2025-10-20,외주,2,910.0,외주
3VTCMSK-001,시카 데일리 수딩 마스크,2E075J,etc.,2025-10-20,외주,3,910.0,외주
3VTCMSK-001,시카 데일리 수딩 마스크,2E075J,etc.,2025-10-20,외주,4,900.0,외주
3VTCMSK-001,시카 데일리 수딩 마스크,2E231G,etc.,2025-07-16,잔량,1,732.0,창고
3VTCMSK-001,시카 데일리 수딩 마스크,2E247I,etc.,2025-09-26,외주,1,818.0,외주
3VTCMSK-001,시카 데일리 수딩 마스크,2E247I,etc.,2025-09-26,외주,2,818.0,외주
3VTCMSK-001,시카 데일리 수딩 마스크,2E247I,etc.,2025-09-26,외주,3,818.0,외주
3VTCMSK-001,시카 데일리 수딩 마스크,2E247I,etc.,2025-09-26,외주,4,818.0,외주
3VTCMSK-001,시카 데일리 수딩 마스크,2E247I,etc.,2025-09-26,외주,5,818.0,외주
3VTCMSK-001,시카 데일리 수딩 마스크,2E325G,etc.,2025-07-25,잔량,1,0.0,소진
3VTCMSK-001,시카 데일리 수딩 마스크,2E325G,etc.,2025-07-25,잔량,2,200.0,2층-A1
3VTCMSK-001,시카 데일리 수딩 마스크,2E325G,etc.,2025-07-25,잔량,3,1000.0,2층-A1
3VTCMSK-001,시카 데일리 수딩 마스크,2E325G,etc.,2025-07-25,잔량,4,1000.0,2층-A1
3VTCMSK-001,시카 데일리 수딩 마스크,2E325G,etc.,2025-07-25,잔량,5,920.0,2층-A1
3VTCMSK-001,시카 데일리 수딩 마스크,2E022K,etc.,2025-11-05,외주,1,1010.0,외주
3VTCMSK-001,시카 데일리 수딩 마스크,2E022K,etc.,2025-11-05,외주,2,1010.0,외주
3VTCMSK-001,시카 데일리 수딩 마스크,2E022K,etc.,2025-11-05,외주,3,1010.0,외주
3VTCMSK-001,시카 데일리 수딩 마스크,2E022K,etc.,2025-11-05,외주,4,1010.0,외주
3VTCMSK-001,시카 데일리 수딩 마스크,2E022K,etc.,2025-11-05,외주,5,1010.0,외주
3VTCMSK-001,시카 데일리 수딩 마스크,2E196I,etc.,2025-09-22,잔량,2,470.0,창고
3VTCMSK-001,시카 데일리 수딩 마스크,2E196I,etc.,2025-09-22,잔량,3,1000.0,창고
3VTCMSK-001,시카 데일리 수딩 마스크,2E256I,etc.,2025-09-26,잔량,1,818.0,외주
3VTCMSK-001,시카 데일리 수딩 마스크,2E256I,etc.,2025-09-26,잔량,2,818.0,외주
3VTCMSK-001,시카 데일리 수딩 마스크,2E256I,etc.,2025-09-26,잔량,3,818.0,2층-A1
3VTCMSK-001,시카 데일리 수딩 마스크,2E256I,etc.,2025-09-26,잔량,4,818.0,외주
3VTCMSK-001,시카 데일리 수딩 마스크,2E256I,etc.,2025-09-26,잔량,5,818.0,외주
3DALBOD-002,쿤달 리치퍼퓸 바디워시 일랑일랑_벌크,2E257G,etc.,2025-07-21,외주,1,200.0,외주
3DALBOD-002,쿤달 리치퍼퓸 바디워시 일랑일랑_벌크,2E021K,etc.,2025-11-05,외주,1,634.0,외주
3DALBOD-002,쿤달 리치퍼퓸 바디워시 일랑일랑_벌크,2E021K,etc.,2025-11-05,외주,2,815.0,외주
3DALBOD-002,쿤달 리치퍼퓸 바디워시 일랑일랑_벌크,2E021K,etc.,2025-11-05,외주,3,600.0,외주
3DALBOD-002,쿤달 리치퍼퓸 바디워시 일랑일랑_벌크,2E021K,etc.,2025-11-05,외주,4,600.0,외주
3VTCSKN-007,국문_AC_에이제트 케어 토너_250ml_1ea_벌크,2E002K,etc.,2025-11-03,외주,1,1000.0,외주
3VTCSKN-007,국문_AC_에이제트 케어 토너_250ml_1ea_벌크,2E002K,etc.,2025-11-03,외주,2,1000.0,외주
3VTCSKN-007,국문_AC_에이제트 케어 토너_250ml_1ea_벌크,2E002K,etc.,2025-11-03,외주,3,1000.0,외주
3VTCSKN-007,국문_AC_에이제트 케어 토너_250ml_1ea_벌크,2E002K,etc.,2025-11-03,외주,4,950.0,외주
3SIGSKN-001,블랑뮤즈 셀 리프트 컨센트레이트_수상_벌크,2E172B,etc.,2025-02-26,잔량,1,250.0,창고
3VTCLOS-080,VT 시카 마일드 토너 패드 일문패키지 Dr.VT(N)_벌크,2E033K,etc.,2025-11-06,생산 中,1,200.0,4층-A1
3VTCLOS-080,VT 시카 마일드 토너 패드 일문패키지 Dr.VT(N)_벌크,2E034J,etc.,2025-10-13,외주,1,905.0,외주
3VTCLOS-080,VT 시카 마일드 토너 패드 일문패키지 Dr.VT(N)_벌크,2E034J,etc.,2025-10-13,외주,2,905.0,외주
3VTCLOS-080,VT 시카 마일드 토너 패드 일문패키지 Dr.VT(N)_벌크,2E034J,etc.,2025-10-13,외주,3,905.0,외주
3VTCLOS-080,VT 시카 마일드 토너 패드 일문패키지 Dr.VT(N)_벌크,2E034J,etc.,2025-10-13,외주,4,905.0,외주
3DALHAR-005,쿤달 리치퍼퓸 헤어미스트 화이트머스크_벌크,2E018K,etc.,2025-11-04,외주,1,540.0,외주
3OLIMSK-011,성분에디터 딥 콜라겐 레티놀 파워 부스팅 패드_벌크,2E037I,etc.,2025-09-04,생산대기,1,590.0,2층-A1
3DALHAR-002,쿤달 리치퍼퓸 트리트먼트 화이트머스크_벌크,2E019K,etc.,2025-11-05,잔량,1,700.0,외주
3DALHAR-002,쿤달 리치퍼퓸 트리트먼트 화이트머스크_벌크,2E019K,etc.,2025-11-05,잔량,2,60.0,5층-A1
3DALHAR-002,쿤달 리치퍼퓸 트리트먼트 화이트머스크_벌크,2E019K,etc.,2025-11-05,잔량,3,690.0,외주
3DALHAR-002,쿤달 리치퍼퓸 트리트먼트 화이트머스크_벌크,2E238G,etc.,2025-07-17,잔량,3,320.0,창고
3DALHAR-004,쿤달 리치퍼퓸 트리트먼트 일랑일랑_벌크,2E239G,etc.,2025-07-17,잔량,2,175.0,창고
3DALHAR-004,쿤달 리치퍼퓸 트리트먼트 일랑일랑_벌크,2E020K,etc.,2025-11-05,외주,1,532.0,외주
3DALHAR-004,쿤달 리치퍼퓸 트리트먼트 일랑일랑_벌크,2E020K,etc.,2025-11-05,외주,2,500.0,외주
3VTCSKN-001,브이티 시카 스킨,2E130J,etc.,2025-10-24,잔량,1,900.0,외주
3VTCSKN-001,브이티 시카 스킨,2E130J,etc.,2025-10-24,잔량,2,200.0,6층-A1
3VTCSKN-001,브이티 시카 스킨,2E130J,etc.,2025-10-24,잔량,3,900.0,외주
3VTCSKN-001,브이티 시카 스킨,2E130J,etc.,2025-10-24,잔량,4,900.0,외주
3VTCSKN-001,브이티 시카 스킨,2E130J,etc.,2025-10-24,잔량,5,900.0,외주
3VTCSKN-001,브이티 시카 스킨,2E130J,etc.,2025-10-24,잔량,6,880.0,외주
3VTCSKN-001,브이티 시카 스킨,2E023K,etc.,2025-11-05,외주,1,900.0,외주
3VTCSKN-001,브이티 시카 스킨,2E023K,etc.,2025-11-05,외주,2,900.0,외주
3VTCSKN-001,브이티 시카 스킨,2E023K,etc.,2025-11-05,외주,3,900.0,외주
3VTCSKN-001,브이티 시카 스킨,2E303G,etc.,2025-07-22,잔량,4,400.0,창고
3VTCSKN-001,브이티 시카 스킨,2E011I,etc.,2025-09-02,잔량,6,880.0,창고
3VTCSKN-001,브이티 시카 스킨,2E035H,etc.,2025-08-06,잔량,3,895.0,창고
3VTCSKN-001,브이티 시카 스킨,2E035H,etc.,2025-08-06,잔량,5,50.0,창고
3VTCMSK-051,VT 티엑스토닝 데일리 마스크(30매)_벌크,2E111D,etc.,2025-04-12,잔량,1,350.0,창고
3VTCMSK-051,VT 티엑스토닝 데일리 마스크(30매)_벌크,2E209G,etc.,2025-07-15,잔량,1,1000.0,창고
3VTCMSK-051,VT 티엑스토닝 데일리 마스크(30매)_벌크,2E209G,etc.,2025-07-15,잔량,4,180.0,창고
3VTCMSK-051,VT 티엑스토닝 데일리 마스크(30매)_벌크,2E209G,etc.,2025-07-15,잔량,5,1000.0,창고
3VTCMSK-051,VT 티엑스토닝 데일리 마스크(30매)_벌크,2E040J,etc.,2025-10-14,잔량,1,100.0,6층-A1
3VTCMSK-051,VT 티엑스토닝 데일리 마스크(30매)_벌크,2E040J,etc.,2025-10-14,잔량,2,830.0,외주
3VTCMSK-051,VT 티엑스토닝 데일리 마스크(30매)_벌크,2E040J,etc.,2025-10-14,잔량,3,830.0,외주
3VTCMSK-051,VT 티엑스토닝 데일리 마스크(30매)_벌크,2E040J,etc.,2025-10-14,잔량,4,830.0,외주
3VTCMSK-051,VT 티엑스토닝 데일리 마스크(30매)_벌크,2E015J,etc.,2025-10-02,생산대기,1,830.0,2층-A1
3VTCMSK-051,VT 티엑스토닝 데일리 마스크(30매)_벌크,2E015J,etc.,2025-10-02,생산대기,2,830.0,2층-A1
3VTCMSK-051,VT 티엑스토닝 데일리 마스크(30매)_벌크,2E015J,etc.,2025-10-02,생산대기,3,830.0,2층-A1
3VTCMSK-051,VT 티엑스토닝 데일리 마스크(30매)_벌크,2E015J,etc.,2025-10-02,생산대기,4,830.0,2층-A1
3VTCMSK-051,VT 티엑스토닝 데일리 마스크(30매)_벌크,2E261I,etc.,2025-09-27,잔량,1,810.0,5층-A1
3VTCMSK-051,VT 티엑스토닝 데일리 마스크(30매)_벌크,2E261I,etc.,2025-09-27,잔량,2,830.0,5층-A1
3VTCMSK-051,VT 티엑스토닝 데일리 마스크(30매)_벌크,2E261I,etc.,2025-09-27,잔량,3,440.0,6층-A1
3VTCMSK-051,VT 티엑스토닝 데일리 마스크(30매)_벌크,2E261I,etc.,2025-09-27,잔량,4,830.0,5층-A1
3VTCMSK-051,VT 티엑스토닝 데일리 마스크(30매)_벌크,2E261I,etc.,2025-09-27,잔량,5,810.0,6층-A1
3SCCMSK-005,쌔뮤 피에이치 센서티브 마스크 쿨 핏_벌크,2E043J,etc.,2025-10-15,외주,1,1000.0,외주
3SCCMSK-005,쌔뮤 피에이치 센서티브 마스크 쿨 핏_벌크,2E043J,etc.,2025-10-15,외주,2,960.0,외주
3SCCMSK-008,쌔뮤 갈락토 포어 딥클린 2스텝 마스크 2제_벌크,2E070I,etc.,2025-09-08,잔량,1,0.0,소진
3SCCMSK-008,쌔뮤 갈락토 포어 딥클린 2스텝 마스크 2제_벌크,2E070I,etc.,2025-09-08,잔량,2,0.0,소진
3SCCMSK-008,쌔뮤 갈락토 포어 딥클린 2스텝 마스크 2제_벌크,2E070I,etc.,2025-09-08,잔량,3,0.0,소진
3SCCMSK-008,쌔뮤 갈락토 포어 딥클린 2스텝 마스크 2제_벌크,2E070I,etc.,2025-09-08,잔량,4,0.0,소진
3SCCMSK-008,쌔뮤 갈락토 포어 딥클린 2스텝 마스크 2제_벌크,2E070I,etc.,2025-09-08,잔량,5,180.0,5층-A1
3ANJMSK-002,세라마인 아쿠아 편백 마스크,2E123J,etc.,2025-10-24,생산대기,1,970.0,2층-A1
3SCCMSK-002,쌔뮤 피에이치 센서티브 토너패드_벌크,2E049J,etc.,2025-10-15,잔량,1,178.2,5층-A1
3TMRMSK-011,시카 샷 그린티 더블세럼 마스크_2제(마스크팩)_벌크,2D231H,etc.,2024-08-28,잔량,1,550.0,6층-A1
3NEDETC-002,니들리 비타 C 글로우 젤리 패드_벌크,2E227H,etc.,2025-08-28,잔량,1,150.0,창고
3VTCMSK-075,VT 리들S 톤온 데일리 마스크_벌크,2E217D,etc.,2025-04-22,생산대기,1,1000.0,창고
3VTCMSK-075,VT 리들S 톤온 데일리 마스크_벌크,2E217D,etc.,2025-04-22,생산대기,2,740.0,창고
3VTCLOS-013,VT 리들샷 1000_벌크,2E005J,리들샷,2025-10-01,잔량,1,15.0,2층-A1
3VTCMSK-075,VT 리들S 톤온 데일리 마스크_벌크,2E216D,etc.,2025-04-22,잔량,1,170.0,창고
3VTCMSK-075,VT 리들S 톤온 데일리 마스크_벌크,2E216D,etc.,2025-04-22,잔량,2,1000.0,창고
3VTCMSK-075,VT 리들S 톤온 데일리 마스크_벌크,2E190G,etc.,2025-07-14,잔량,1,0.0,소진
3VTCMSK-075,VT 리들S 톤온 데일리 마스크_벌크,2E190G,etc.,2025-07-14,잔량,2,0.0,소진
3VTCMSK-075,VT 리들S 톤온 데일리 마스크_벌크,2E190G,etc.,2025-07-14,잔량,3,600.0,창고
3VTCMSK-007,VT코스메틱 시카 바이탈 마스크(덕용),2E031J,etc.,2025-10-13,잔량,1,0.0,소진
3VTCMSK-007,VT코스메틱 시카 바이탈 마스크(덕용),2E031J,etc.,2025-10-13,잔량,2,0.0,소진
3VTCMSK-007,VT코스메틱 시카 바이탈 마스크(덕용),2E031J,etc.,2025-10-13,잔량,3,0.0,소진
3VTCMSK-007,VT코스메틱 시카 바이탈 마스크(덕용),2E031J,etc.,2025-10-13,잔량,4,200.0,6층-A1
3VTCMSK-007,VT코스메틱 시카 바이탈 마스크(덕용),2E021I,etc.,2025-09-02,잔량,1,1000.0,2층-A1
3VTCMSK-007,VT코스메틱 시카 바이탈 마스크(덕용),2E021I,etc.,2025-09-02,잔량,2,765.0,창고
3VTCMSK-007,VT코스메틱 시카 바이탈 마스크(덕용),2E100C,etc.,2025-03-17,생산대기,1,1000.0,2층-A1
3VTCMSK-007,VT코스메틱 시카 바이탈 마스크(덕용),2E100C,etc.,2025-03-17,생산대기,2,440.0,2층-A1
3VTCMSK-007,VT코스메틱 시카 바이탈 마스크(덕용),2E100C,etc.,2025-03-17,생산대기,3,350.0,2층-A1
3VTCLOS-249,일문_RE_리들S 크림 아하/바하/파하_50mL_1ea_일본 다이소_벌크,2E117G,etc.,2025-07-08,잔량,1,87.0,6층-A1
3LNPMSK-002,Mediheal The N.M.F 365 Aqua Mask(한정)_벌크,2E062C,etc.,2025-03-11,잔량,3,780.0,창고
3VTCMSK-106,WATER PEEL MASK_벌크,2E204H,etc.,2025-08-26,잔량,1,0.0,소진
3VTCMSK-106,WATER PEEL MASK_벌크,2E204H,etc.,2025-08-26,잔량,2,0.0,소진
3VTCMSK-106,WATER PEEL MASK_벌크,2E204H,etc.,2025-08-26,잔량,3,830.0,4층-A1
3VTCMSK-106,WATER PEEL MASK_벌크,2E229H,etc.,2025-08-28,잔량,1,0.0,소진
3VTCMSK-106,WATER PEEL MASK_벌크,2E229H,etc.,2025-08-28,잔량,2,0.0,소진
3VTCMSK-106,WATER PEEL MASK_벌크,2E229H,etc.,2025-08-28,잔량,3,150.0,창고
3VTCMSK-005,슈퍼 히알론 데일리 모이스처 마스크,2E100J,etc.,2025-10-22,잔량,1,0.0,소진
3VTCMSK-005,슈퍼 히알론 데일리 모이스처 마스크,2E100J,etc.,2025-10-22,잔량,2,600.0,6층-A1
3VTCMSK-104,국문_CI_시카 데일리 수딩 마스크 2X_330g/25ea_1ea_벌크,2E031K,etc.,2025-11-05,외주,1,940.0,외주
3VTCMSK-104,국문_CI_시카 데일리 수딩 마스크 2X_330g/25ea_1ea_벌크,2E031K,etc.,2025-11-05,외주,2,900.0,외주
3VTCMSK-104,국문_CI_시카 데일리 수딩 마스크 2X_330g/25ea_1ea_벌크,2E031K,etc.,2025-11-05,외주,3,900.0,외주
3VTCMSK-104,국문_CI_시카 데일리 수딩 마스크 2X_330g/25ea_1ea_벌크,2E031K,etc.,2025-11-05,외주,4,900.0,외주
3VTCMSK-104,국문_CI_시카 데일리 수딩 마스크 2X_330g/25ea_1ea_벌크,2E031K,etc.,2025-11-05,외주,5,900.0,외주
3VTCMSK-104,국문_CI_시카 데일리 수딩 마스크 2X_330g/25ea_1ea_벌크,2E110I,etc.,2025-09-11,잔량,1,400.0,창고
3VTCMSK-104,국문_CI_시카 데일리 수딩 마스크 2X_330g/25ea_1ea_벌크,2E140J,etc.,2025-10-27,잔량,2,150.0,5층-A1
3VTCMSK-104,국문_CI_시카 데일리 수딩 마스크 2X_330g/25ea_1ea_벌크,2E024K,etc.,2025-11-05,외주,1,940.0,외주
3VTCMSK-104,국문_CI_시카 데일리 수딩 마스크 2X_330g/25ea_1ea_벌크,2E024K,etc.,2025-11-05,외주,2,900.0,외주
3VTCMSK-104,국문_CI_시카 데일리 수딩 마스크 2X_330g/25ea_1ea_벌크,2E024K,etc.,2025-11-05,외주,3,900.0,외주
3VTCMSK-104,국문_CI_시카 데일리 수딩 마스크 2X_330g/25ea_1ea_벌크,2E024K,etc.,2025-11-05,외주,4,900.0,외주
3VTCMSK-104,국문_CI_시카 데일리 수딩 마스크 2X_330g/25ea_1ea_벌크,2E024K,etc.,2025-11-05,외주,5,900.0,외주
3VTCMSK-104,국문_CI_시카 데일리 수딩 마스크 2X_330g/25ea_1ea_벌크,2E009K,etc.,2025-11-03,외주,1,910.0,외주
3VTCMSK-104,국문_CI_시카 데일리 수딩 마스크 2X_330g/25ea_1ea_벌크,2E009K,etc.,2025-11-03,외주,2,910.0,외주
3VTCMSK-104,국문_CI_시카 데일리 수딩 마스크 2X_330g/25ea_1ea_벌크,2E009K,etc.,2025-11-03,외주,3,910.0,외주
3VTCMSK-104,국문_CI_시카 데일리 수딩 마스크 2X_330g/25ea_1ea_벌크,2E009K,etc.,2025-11-03,외주,4,910.0,외주
3VTCMSK-104,국문_CI_시카 데일리 수딩 마스크 2X_330g/25ea_1ea_벌크,2E009K,etc.,2025-11-03,외주,5,900.0,외주
3TMRMSK-015,비타씨 샷 히알루론산 더블 세럼 마스크_2제(마스크팩)_벌크,2D235H,etc.,2024-08-28,잔량,2,580.0,6층-A1
3VTCLOS-094,국문_PD_피디알엔 광채 토너_200mL_1ea_다이소(1067495)_벌크,2E036G,etc.,2025-07-02,잔량,2,200.0,창고
3VTCLOS-094,국문_PD_피디알엔 광채 토너_200mL_1ea_다이소(1067495)_벌크,2E106F,etc.,2025-06-12,잔량,1,0.0,소진
3VTCLOS-094,국문_PD_피디알엔 광채 토너_200mL_1ea_다이소(1067495)_벌크,2E106F,etc.,2025-06-12,잔량,2,0.0,소진
3VTCLOS-094,국문_PD_피디알엔 광채 토너_200mL_1ea_다이소(1067495)_벌크,2E106F,etc.,2025-06-12,잔량,3,0.0,소진
3VTCLOS-094,국문_PD_피디알엔 광채 토너_200mL_1ea_다이소(1067495)_벌크,2E106F,etc.,2025-06-12,잔량,4,350.0,창고
3VTCLOS-094,국문_PD_피디알엔 광채 토너_200mL_1ea_다이소(1067495)_벌크,2E204I,etc.,2025-09-22,잔량,3,150.0,창고
3VTCLOS-094,국문_PD_피디알엔 광채 토너_200mL_1ea_다이소(1067495)_벌크,2E036I,etc.,2025-09-04,잔량,1,650.0,6층-A1
3VTCLOS-094,국문_PD_피디알엔 광채 토너_200mL_1ea_다이소(1067495)_벌크,2E036I,etc.,2025-09-04,잔량,2,840.0,창고
3OLIMSK-020,마미케어 바다포도포어 필링패드_벌크,2E286I,etc.,2025-09-30,잔량,2,664.0,5층-A1
3VTCMSK-012,시카 콜라겐 마스크_벌크,2E042J,etc.,2025-10-15,외주,1,1000.0,외주
3VTCMSK-012,시카 콜라겐 마스크_벌크,2E042J,etc.,2025-10-15,외주,2,1000.0,외주
3VTCMSK-012,시카 콜라겐 마스크_벌크,2E042J,etc.,2025-10-15,외주,3,1000.0,외주
3VTCMSK-012,시카 콜라겐 마스크_벌크,2E042J,etc.,2025-10-15,외주,4,1000.0,외주
3VTCMSK-012,시카 콜라겐 마스크_벌크,2E042J,etc.,2025-10-15,외주,5,995.0,외주
3VTCMSK-012,시카 콜라겐 마스크_벌크,2E168J,etc.,2025-10-30,생산대기,1,1000.0,2층-A1
3VTCMSK-012,시카 콜라겐 마스크_벌크,2E168J,etc.,2025-10-30,생산대기,2,1000.0,2층-A1
3VTCMSK-012,시카 콜라겐 마스크_벌크,2E168J,etc.,2025-10-30,생산대기,3,1000.0,2층-A1
3VTCMSK-012,시카 콜라겐 마스크_벌크,2E168J,etc.,2025-10-30,생산대기,4,1000.0,2층-A1
3VTCMSK-012,시카 콜라겐 마스크_벌크,2E168J,etc.,2025-10-30,생산대기,5,970.0,2층-A1
3VTCMSK-012,시카 콜라겐 마스크_벌크,2E047J,etc.,2025-10-15,생산대기,1,1000.0,2층-A1
3VTCMSK-012,시카 콜라겐 마스크_벌크,2E047J,etc.,2025-10-15,생산대기,2,1000.0,2층-A1
3VTCMSK-012,시카 콜라겐 마스크_벌크,2E047J,etc.,2025-10-15,생산대기,3,1000.0,2층-A1
3VTCMSK-012,시카 콜라겐 마스크_벌크,2E047J,etc.,2025-10-15,생산대기,4,1000.0,2층-A1
3VTCMSK-012,시카 콜라겐 마스크_벌크,2E047J,etc.,2025-10-15,생산대기,5,955.0,2층-A1
3VTCMSK-012,시카 콜라겐 마스크_벌크,2E078E,etc.,2025-05-12,잔량,1,0.0,소진
3VTCMSK-012,시카 콜라겐 마스크_벌크,2E078E,etc.,2025-05-12,잔량,2,0.0,소진
3VTCMSK-012,시카 콜라겐 마스크_벌크,2E078E,etc.,2025-05-12,잔량,3,680.0,창고
3VTCMSK-012,시카 콜라겐 마스크_벌크,2E139A,etc.,2025-01-22,잔량,1,852.0,2층-A1
3VTCMSK-012,시카 콜라겐 마스크_벌크,2E139A,etc.,2025-01-22,잔량,2,400.0,2층-A1
3VTCMSK-012,시카 콜라겐 마스크_벌크,2E139A,etc.,2025-01-22,잔량,3,832.0,2층-A1
3VTCMSK-071,VT 리들S 피디알엔 플러스 마스크_벌크,2E038I,etc.,2025-09-04,잔량,1,213.0,6층-A1
3VTCMSK-071,VT 리들S 피디알엔 플러스 마스크_벌크,2E030K,etc.,2025-11-05,생산 中,1,570.0,4층-A1
3VTCMSK-071,VT 리들S 피디알엔 플러스 마스크_벌크,2E030K,etc.,2025-11-05,생산 中,2,570.0,4층-A1
3VTCMSK-105,V-LINE PEEL MASK_벌크,2E218H,etc.,2025-08-27,잔량,1,0.0,소진
3VTCMSK-105,V-LINE PEEL MASK_벌크,2E218H,etc.,2025-08-27,잔량,2,0.0,소진
3VTCMSK-105,V-LINE PEEL MASK_벌크,2E218H,etc.,2025-08-27,잔량,3,195.0,창고
3VTCMSK-076,국문_OL_크라이오 아이스 마스크_320g/30ea_1ea_벌크,2E357G,etc.,2025-07-29,생산대기,1,1000.0,창고
3VTCMSK-076,국문_OL_크라이오 아이스 마스크_320g/30ea_1ea_벌크,2E357G,etc.,2025-07-29,생산대기,2,1000.0,창고
3VTCMSK-076,국문_OL_크라이오 아이스 마스크_320g/30ea_1ea_벌크,2E332G,etc.,2025-07-25,생산대기,1,1000.0,창고
3VTCMSK-076,국문_OL_크라이오 아이스 마스크_320g/30ea_1ea_벌크,2E332G,etc.,2025-07-25,생산대기,2,1000.0,창고
3VTCMSK-076,국문_OL_크라이오 아이스 마스크_320g/30ea_1ea_벌크,2E332G,etc.,2025-07-25,생산대기,3,1000.0,창고
3VTCMSK-076,국문_OL_크라이오 아이스 마스크_320g/30ea_1ea_벌크,2E219G,etc.,2025-07-16,생산대기,1,1000.0,2층-A1
3VTCMSK-076,국문_OL_크라이오 아이스 마스크_320g/30ea_1ea_벌크,2E219G,etc.,2025-07-16,생산대기,2,1000.0,2층-A1
3VTCMSK-076,국문_OL_크라이오 아이스 마스크_320g/30ea_1ea_벌크,2E142I,etc.,2025-09-16,생산대기,1,970.0,2층-A1
3VTCMSK-076,국문_OL_크라이오 아이스 마스크_320g/30ea_1ea_벌크,2E142I,etc.,2025-09-16,생산대기,2,1000.0,2층-A1
3VTCMSK-076,국문_OL_크라이오 아이스 마스크_320g/30ea_1ea_벌크,2E142I,etc.,2025-09-16,생산대기,3,1000.0,2층-A1
3VTCMSK-076,국문_OL_크라이오 아이스 마스크_320g/30ea_1ea_벌크,2E142I,etc.,2025-09-16,생산대기,4,1000.0,2층-A1
3VTCMSK-076,국문_OL_크라이오 아이스 마스크_320g/30ea_1ea_벌크,2E142I,etc.,2025-09-16,생산대기,5,1000.0,2층-A1
3VTCMSK-076,국문_OL_크라이오 아이스 마스크_320g/30ea_1ea_벌크,2E331G,etc.,2025-07-25,생산대기,1,1000.0,창고
3VTCMSK-076,국문_OL_크라이오 아이스 마스크_320g/30ea_1ea_벌크,2E331G,etc.,2025-07-25,생산대기,2,1000.0,창고
3VTCMSK-076,국문_OL_크라이오 아이스 마스크_320g/30ea_1ea_벌크,2E331G,etc.,2025-07-25,생산대기,3,1000.0,창고
3VTCMSK-076,국문_OL_크라이오 아이스 마스크_320g/30ea_1ea_벌크,2E359G,etc.,2025-07-29,생산대기,1,1000.0,창고
3VTCMSK-076,국문_OL_크라이오 아이스 마스크_320g/30ea_1ea_벌크,2E359G,etc.,2025-07-29,생산대기,2,1000.0,창고
3VTCMSK-076,국문_OL_크라이오 아이스 마스크_320g/30ea_1ea_벌크,2E358G,etc.,2025-07-29,생산대기,1,1000.0,창고
3VTCMSK-076,국문_OL_크라이오 아이스 마스크_320g/30ea_1ea_벌크,2E358G,etc.,2025-07-29,생산대기,2,1000.0,창고
3VTCMSK-076,국문_OL_크라이오 아이스 마스크_320g/30ea_1ea_벌크,2E293G,etc.,2025-07-22,생산대기,1,1000.0,창고
3VTCMSK-076,국문_OL_크라이오 아이스 마스크_320g/30ea_1ea_벌크,2E293G,etc.,2025-07-22,생산대기,2,1000.0,창고
3VTCMSK-076,국문_OL_크라이오 아이스 마스크_320g/30ea_1ea_벌크,2E316D,etc.,2025-04-30,잔량,1,0.0,소진
3VTCMSK-076,국문_OL_크라이오 아이스 마스크_320g/30ea_1ea_벌크,2E316D,etc.,2025-04-30,잔량,2,0.0,소진
3VTCMSK-076,국문_OL_크라이오 아이스 마스크_320g/30ea_1ea_벌크,2E316D,etc.,2025-04-30,잔량,3,950.0,창고
3VTCMSK-076,국문_OL_크라이오 아이스 마스크_320g/30ea_1ea_벌크,2E364E,etc.,2025-05-30,잔량,1,0.0,소진
3VTCMSK-076,국문_OL_크라이오 아이스 마스크_320g/30ea_1ea_벌크,2E364E,etc.,2025-05-30,잔량,2,0.0,소진
3VTCMSK-076,국문_OL_크라이오 아이스 마스크_320g/30ea_1ea_벌크,2E364E,etc.,2025-05-30,잔량,3,0.0,소진
3VTCMSK-076,국문_OL_크라이오 아이스 마스크_320g/30ea_1ea_벌크,2E364E,etc.,2025-05-30,잔량,4,400.0,창고
3VTCMSK-076,국문_OL_크라이오 아이스 마스크_320g/30ea_1ea_벌크,2E364E,etc.,2025-05-30,잔량,5,0.0,소진
3VTCMSK-076,국문_OL_크라이오 아이스 마스크_320g/30ea_1ea_벌크,2E218G,etc.,2025-07-16,생산대기,1,1000.0,창고
3VTCMSK-076,국문_OL_크라이오 아이스 마스크_320g/30ea_1ea_벌크,2E218G,etc.,2025-07-16,생산대기,2,1000.0,창고
3VTCMSK-076,국문_OL_크라이오 아이스 마스크_320g/30ea_1ea_벌크,2E292G,etc.,2025-07-22,생산대기,1,1000.0,창고
3VTCMSK-076,국문_OL_크라이오 아이스 마스크_320g/30ea_1ea_벌크,2E292G,etc.,2025-07-22,생산대기,2,1000.0,창고
3VTCMSK-085,국문_PD_피디알엔 광채 시트 마스크_25g_1ea_다이소(1067499)_벌크,2E099J,etc.,2025-10-22,외주,1,980.0,외주
3VTCMSK-085,국문_PD_피디알엔 광채 시트 마스크_25g_1ea_다이소(1067499)_벌크,2E099J,etc.,2025-10-22,외주,2,970.0,외주
3VTCMSK-085,국문_PD_피디알엔 광채 시트 마스크_25g_1ea_다이소(1067499)_벌크,2E099J,etc.,2025-10-22,외주,3,970.0,외주
3VTCMSK-085,국문_PD_피디알엔 광채 시트 마스크_25g_1ea_다이소(1067499)_벌크,2E099J,etc.,2025-10-22,외주,4,970.0,외주
3VTCSKN-006,PD_피디알엔토너_250mL_1ea_벌크,2E113J,etc.,2025-10-23,외주,1,930.0,외주
3VTCSKN-006,PD_피디알엔토너_250mL_1ea_벌크,2E113J,etc.,2025-10-23,외주,2,920.0,외주
3VTCSKN-006,PD_피디알엔토너_250mL_1ea_벌크,2E113J,etc.,2025-10-23,외주,3,920.0,외주
3VTCSKN-006,PD_피디알엔토너_250mL_1ea_벌크,2E113J,etc.,2025-10-23,외주,4,920.0,외주
3VTCSKN-006,PD_피디알엔토너_250mL_1ea_벌크,2E113J,etc.,2025-10-23,외주,5,920.0,외주
3VTCSKN-006,PD_피디알엔토너_250mL_1ea_벌크,2E112G,etc.,2025-07-08,잔량,1,500.0,창고
3VTCSKN-006,PD_피디알엔토너_250mL_1ea_벌크,2E172H,etc.,2025-08-21,잔량,1,900.0,창고
3VTCSKN-006,PD_피디알엔토너_250mL_1ea_벌크,2E116J,etc.,2025-10-23,외주,1,930.0,외주
3VTCSKN-006,PD_피디알엔토너_250mL_1ea_벌크,2E116J,etc.,2025-10-23,외주,2,920.0,외주
3VTCSKN-006,PD_피디알엔토너_250mL_1ea_벌크,2E116J,etc.,2025-10-23,외주,3,920.0,외주
3VTCSKN-006,PD_피디알엔토너_250mL_1ea_벌크,2E116J,etc.,2025-10-23,외주,4,920.0,외주
3VTCSKN-006,PD_피디알엔토너_250mL_1ea_벌크,2E116J,etc.,2025-10-23,외주,5,920.0,외주
3OLIMSK-021,성분에디터 실크펩타이드 이지에프 리프팅 부스터 7매마스크팩(일본오프라인용)_벌크,2E018J,etc.,2025-10-02,잔량,1,0.0,소진
3OLIMSK-021,성분에디터 실크펩타이드 이지에프 리프팅 부스터 7매마스크팩(일본오프라인용)_벌크,2E018J,etc.,2025-10-02,잔량,2,35.0,4층-A1
3VTCMSK-089,피디알엔 텐션 토너패드_벌크,2E137J,etc.,2025-10-27,잔량,1,0.0,소진
3VTCMSK-089,피디알엔 텐션 토너패드_벌크,2E137J,etc.,2025-10-27,잔량,2,900.0,5층-A1
3VTCMSK-089,피디알엔 텐션 토너패드_벌크,2E137J,etc.,2025-10-27,잔량,3,900.0,5층-A1
3VTCMSK-089,피디알엔 텐션 토너패드_벌크,2E137J,etc.,2025-10-27,잔량,4,900.0,5층-A1
3VTCMSK-089,피디알엔 텐션 토너패드_벌크,2E137J,etc.,2025-10-27,잔량,5,0.0,소진
3VTCMSK-089,피디알엔 텐션 토너패드_벌크,2E137J,etc.,2025-10-27,잔량,6,0.0,소진
3VTCMSK-023,VT 시카 콜라겐 올인원 3스텝 마스크_STEP1(퍼스트세럼)_벌크,2E324F,etc.,2025-06-30,잔량,1,14.0,창고
3VTCMSK-072,VT 리들S 에이제트 케어 마스크 7매_벌크,2E254F,etc.,2025-06-24,잔량,1,0.0,소진
3VTCMSK-072,VT 리들S 에이제트 케어 마스크 7매_벌크,2E254F,etc.,2025-06-24,잔량,2,0.0,소진
3VTCMSK-072,VT 리들S 에이제트 케어 마스크 7매_벌크,2E254F,etc.,2025-06-24,잔량,3,700.0,6층-A1
3VTCMSK-072,VT 리들S 에이제트 케어 마스크 7매_벌크,2E254F,etc.,2025-06-24,잔량,4,1000.0,6층-A1
3VTCMSK-072,VT 리들S 에이제트 케어 마스크 7매_벌크,2E254F,etc.,2025-06-24,잔량,5,1000.0,6층-A1
3VTCMSK-013,브이티 시카 레티-에이 세븐데이즈 마스크_벌크,2E157E,etc.,2025-05-16,잔량,1,0.0,소진
3VTCMSK-013,브이티 시카 레티-에이 세븐데이즈 마스크_벌크,2E157E,etc.,2025-05-16,잔량,2,0.0,소진
3VTCMSK-013,브이티 시카 레티-에이 세븐데이즈 마스크_벌크,2E157E,etc.,2025-05-16,잔량,3,500.0,창고
3VTCMSK-013,브이티 시카 레티-에이 세븐데이즈 마스크_벌크,2E146H,etc.,2025-08-18,잔량,1,0.0,소진
3VTCMSK-013,브이티 시카 레티-에이 세븐데이즈 마스크_벌크,2E146H,etc.,2025-08-18,잔량,2,0.0,소진
3VTCMSK-013,브이티 시카 레티-에이 세븐데이즈 마스크_벌크,2E146H,etc.,2025-08-18,잔량,3,0.0,소진
3VTCMSK-013,브이티 시카 레티-에이 세븐데이즈 마스크_벌크,2E146H,etc.,2025-08-18,잔량,4,0.0,소진
3VTCMSK-013,브이티 시카 레티-에이 세븐데이즈 마스크_벌크,2E146H,etc.,2025-08-18,잔량,5,0.0,소진
3VTCMSK-013,브이티 시카 레티-에이 세븐데이즈 마스크_벌크,2E146H,etc.,2025-08-18,잔량,6,200.0,창고
3VTCMSK-013,브이티 시카 레티-에이 세븐데이즈 마스크_벌크,2E047H,etc.,2025-08-07,잔량,1,0.0,소진
3VTCMSK-013,브이티 시카 레티-에이 세븐데이즈 마스크_벌크,2E047H,etc.,2025-08-07,잔량,2,0.0,소진
3VTCMSK-013,브이티 시카 레티-에이 세븐데이즈 마스크_벌크,2E047H,etc.,2025-08-07,잔량,3,0.0,소진
3VTCMSK-013,브이티 시카 레티-에이 세븐데이즈 마스크_벌크,2E047H,etc.,2025-08-07,잔량,4,0.0,소진
3VTCMSK-013,브이티 시카 레티-에이 세븐데이즈 마스크_벌크,2E047H,etc.,2025-08-07,잔량,5,300.0,5층-A1
3VTCMSK-013,브이티 시카 레티-에이 세븐데이즈 마스크_벌크,2E131J,etc.,2025-10-24,잔량,1,0.0,소진
3VTCMSK-013,브이티 시카 레티-에이 세븐데이즈 마스크_벌크,2E131J,etc.,2025-10-24,잔량,2,0.0,소진
3VTCMSK-013,브이티 시카 레티-에이 세븐데이즈 마스크_벌크,2E131J,etc.,2025-10-24,잔량,3,0.0,소진
3VTCMSK-013,브이티 시카 레티-에이 세븐데이즈 마스크_벌크,2E131J,etc.,2025-10-24,잔량,4,0.0,소진
3VTCMSK-013,브이티 시카 레티-에이 세븐데이즈 마스크_벌크,2E131J,etc.,2025-10-24,잔량,5,230.0,6층-A1
3VTCMSK-013,브이티 시카 레티-에이 세븐데이즈 마스크_벌크,2E131J,etc.,2025-10-24,잔량,6,905.0,6층-A1
3VTCMSK-013,브이티 시카 레티-에이 세븐데이즈 마스크_벌크,2E222E,etc.,2025-05-21,생산대기,1,720.0,2층-A1
3VTCMSK-013,브이티 시카 레티-에이 세븐데이즈 마스크_벌크,2E128A,etc.,2025-01-21,잔량,3,600.0,창고
3VTCMSK-013,브이티 시카 레티-에이 세븐데이즈 마스크_벌크,2E035A,etc.,2025-01-17,잔량,4,770.0,창고
3VTCMSK-013,브이티 시카 레티-에이 세븐데이즈 마스크_벌크,2E123A,etc.,2025-01-20,잔량,2,500.0,2층-A1
3VTCMSK-013,브이티 시카 레티-에이 세븐데이즈 마스크_벌크,2E123A,etc.,2025-01-20,잔량,3,1000.0,2층-A1
3VTCMSK-013,브이티 시카 레티-에이 세븐데이즈 마스크_벌크,2E057H,etc.,2025-08-08,잔량,1,310.0,4층-A1
3VTCMSK-013,브이티 시카 레티-에이 세븐데이즈 마스크_벌크,2E057H,etc.,2025-08-08,잔량,2,1000.0,4층-A1
3VTCMSK-013,브이티 시카 레티-에이 세븐데이즈 마스크_벌크,2E057H,etc.,2025-08-08,잔량,3,1000.0,4층-A1
3VTCMSK-013,브이티 시카 레티-에이 세븐데이즈 마스크_벌크,2E095J,etc.,2025-10-21,잔량,1,0.0,소진
3VTCMSK-013,브이티 시카 레티-에이 세븐데이즈 마스크_벌크,2E095J,etc.,2025-10-21,잔량,2,620.0,6층-A1
3VTCMSK-013,브이티 시카 레티-에이 세븐데이즈 마스크_벌크,2E095J,etc.,2025-10-21,잔량,3,1000.0,6층-A1
3VTCMSK-107,일문_RI_라이스 마스크팩_140g/10ea_1ea_돈키호테_벌크,2E221I,etc.,2025-09-23,잔량,1,0.0,소진
3VTCMSK-107,일문_RI_라이스 마스크팩_140g/10ea_1ea_돈키호테_벌크,2E221I,etc.,2025-09-23,잔량,2,0.0,소진
3VTCMSK-107,일문_RI_라이스 마스크팩_140g/10ea_1ea_돈키호테_벌크,2E221I,etc.,2025-09-23,잔량,3,400.0,창고
3OLISKN-003,성분에디터 딥 콜라겐 베리어 세럼 미스트_수상_벌크,2E123I,etc.,2025-09-13,잔량,6,100.0,창고
3OLISKN-003,성분에디터 딥 콜라겐 베리어 세럼 미스트_수상_벌크,2E200I,etc.,2025-09-22,잔량,1,32.0,5층-A1
3TCSMSK-007,The Creme Shop Moisturizing To Go 3-Step Skincare Pack_Mask_벌크,2E176J,etc.,2025-10-31,잔량,1,0.0,소진
3TCSMSK-007,The Creme Shop Moisturizing To Go 3-Step Skincare Pack_Mask_벌크,2E176J,etc.,2025-10-31,잔량,2,80.0,4층-A1
3IHBMSK-001,닥터로사_크라이오셀 카밍 마스크_벌크,2E152H,etc.,2025-08-19,잔량,1,0.0,소진
3IHBMSK-001,닥터로사_크라이오셀 카밍 마스크_벌크,2E152H,etc.,2025-08-19,잔량,2,230.0,창고
3BMNMSK-002,달바 화이트 트러플 더블 마스크팩[진정/보습]_마스크,2E220F,etc.,2025-06-21,잔량,1,0.0,소진
3BMNMSK-002,달바 화이트 트러플 더블 마스크팩[진정/보습]_마스크,2E220F,etc.,2025-06-21,잔량,2,280.0,2층-A1
3BMNMSK-002,달바 화이트 트러플 더블 마스크팩[진정/보습]_마스크,2E220F,etc.,2025-06-21,잔량,3,860.0,2층-A1
3BMNMSK-002,달바 화이트 트러플 더블 마스크팩[진정/보습]_마스크,2E135A,etc.,2025-01-22,생산대기,1,280.0,2층-A1
3VTCMSK-077,브이티 스무스 스킨팩 일문패키지 Dr.VT (N)_벌크,2E210F,etc.,2025-06-20,잔량,1,0.0,소진
3VTCMSK-077,브이티 스무스 스킨팩 일문패키지 Dr.VT (N)_벌크,2E210F,etc.,2025-06-20,잔량,2,0.0,소진
3VTCMSK-077,브이티 스무스 스킨팩 일문패키지 Dr.VT (N)_벌크,2E210F,etc.,2025-06-20,잔량,3,0.0,소진
3VTCMSK-077,브이티 스무스 스킨팩 일문패키지 Dr.VT (N)_벌크,2E210F,etc.,2025-06-20,잔량,4,0.0,소진
3VTCMSK-077,브이티 스무스 스킨팩 일문패키지 Dr.VT (N)_벌크,2E210F,etc.,2025-06-20,잔량,5,150.0,6층-A1
3VTCMSK-077,브이티 스무스 스킨팩 일문패키지 Dr.VT (N)_벌크,2E125I,etc.,2025-09-13,잔량,1,0.0,소진
3VTCMSK-077,브이티 스무스 스킨팩 일문패키지 Dr.VT (N)_벌크,2E125I,etc.,2025-09-13,잔량,2,200.0,2층-A1
3VTCMSK-077,브이티 스무스 스킨팩 일문패키지 Dr.VT (N)_벌크,2E125I,etc.,2025-09-13,잔량,3,912.0,2층-A1
3VTCMSK-077,브이티 스무스 스킨팩 일문패키지 Dr.VT (N)_벌크,2E125I,etc.,2025-09-13,잔량,4,912.0,2층-A1
3VTCMSK-077,브이티 스무스 스킨팩 일문패키지 Dr.VT (N)_벌크,2E125I,etc.,2025-09-13,잔량,5,912.0,2층-A1
3VTCMSK-077,브이티 스무스 스킨팩 일문패키지 Dr.VT (N)_벌크,2E089J,etc.,2025-10-21,잔량,1,0.0,소진
3VTCMSK-077,브이티 스무스 스킨팩 일문패키지 Dr.VT (N)_벌크,2E089J,etc.,2025-10-21,잔량,2,0.0,소진
3VTCMSK-077,브이티 스무스 스킨팩 일문패키지 Dr.VT (N)_벌크,2E089J,etc.,2025-10-21,잔량,3,0.0,소진
3VTCMSK-077,브이티 스무스 스킨팩 일문패키지 Dr.VT (N)_벌크,2E089J,etc.,2025-10-21,잔량,4,0.0,소진
3VTCMSK-077,브이티 스무스 스킨팩 일문패키지 Dr.VT (N)_벌크,2E089J,etc.,2025-10-21,잔량,5,700.0,2층-A1
3VTCMSK-042,VT 리들샷 비타-라이트 브라이트닝 마스크(30매)(N)_벌크,2E062J,etc.,2025-10-17,잔량,1,0.0,소진
3VTCMSK-042,VT 리들샷 비타-라이트 브라이트닝 마스크(30매)(N)_벌크,2E062J,etc.,2025-10-17,잔량,2,0.0,소진
3VTCMSK-042,VT 리들샷 비타-라이트 브라이트닝 마스크(30매)(N)_벌크,2E062J,etc.,2025-10-17,잔량,3,0.0,소진
3VTCMSK-042,VT 리들샷 비타-라이트 브라이트닝 마스크(30매)(N)_벌크,2E062J,etc.,2025-10-17,잔량,4,0.0,소진
3VTCMSK-042,VT 리들샷 비타-라이트 브라이트닝 마스크(30매)(N)_벌크,2E062J,etc.,2025-10-17,잔량,5,200.0,6층-A1
3VTCMSK-042,VT 리들샷 비타-라이트 브라이트닝 마스크(30매)(N)_벌크,2E156J,etc.,2025-10-29,잔량,1,0.0,소진
3VTCMSK-042,VT 리들샷 비타-라이트 브라이트닝 마스크(30매)(N)_벌크,2E156J,etc.,2025-10-29,잔량,2,0.0,소진
3VTCMSK-042,VT 리들샷 비타-라이트 브라이트닝 마스크(30매)(N)_벌크,2E156J,etc.,2025-10-29,잔량,3,0.0,소진
3VTCMSK-042,VT 리들샷 비타-라이트 브라이트닝 마스크(30매)(N)_벌크,2E156J,etc.,2025-10-29,잔량,4,0.0,소진
3VTCMSK-042,VT 리들샷 비타-라이트 브라이트닝 마스크(30매)(N)_벌크,2E156J,etc.,2025-10-29,잔량,5,320.0,6층-A1
3VTCMSK-042,VT 리들샷 비타-라이트 브라이트닝 마스크(30매)(N)_벌크,2D221G,etc.,2024-07-22,잔량,3,1000.0,창고
3VTCMSK-042,VT 리들샷 비타-라이트 브라이트닝 마스크(30매)(N)_벌크,2E176G,etc.,2025-07-12,잔량,1,0.0,소진
3VTCMSK-042,VT 리들샷 비타-라이트 브라이트닝 마스크(30매)(N)_벌크,2E176G,etc.,2025-07-12,잔량,2,0.0,소진
3VTCMSK-042,VT 리들샷 비타-라이트 브라이트닝 마스크(30매)(N)_벌크,2E176G,etc.,2025-07-12,잔량,3,0.0,소진
3VTCMSK-042,VT 리들샷 비타-라이트 브라이트닝 마스크(30매)(N)_벌크,2E176G,etc.,2025-07-12,잔량,4,0.0,소진
3VTCMSK-042,VT 리들샷 비타-라이트 브라이트닝 마스크(30매)(N)_벌크,2E176G,etc.,2025-07-12,잔량,5,0.0,소진
3VTCMSK-042,VT 리들샷 비타-라이트 브라이트닝 마스크(30매)(N)_벌크,2E176G,etc.,2025-07-12,잔량,6,320.0,창고
3VTCLOS-001,시카 에멀전 대용량,2E076G,etc.,2025-07-05,잔량,3,380.0,창고
3VTCLOS-001,시카 에멀전 대용량,2E136J,etc.,2025-10-27,잔량,1,890.0,외주
3VTCLOS-001,시카 에멀전 대용량,2E136J,etc.,2025-10-27,잔량,2,880.0,외주
3VTCLOS-001,시카 에멀전 대용량,2E136J,etc.,2025-10-27,잔량,3,171.5,6층-A1
3VTCLOS-001,시카 에멀전 대용량,2E209F,etc.,2025-06-20,잔량,3,255.0,창고
3VTCLOS-001,시카 에멀전 대용량,2E233F,etc.,2025-06-23,잔량,3,202.5,창고
3VTCMSK-108,일문_OL_카페인 데일리 마스크_300g_25ea_벌크,2E281I,etc.,2025-09-30,잔량,1,0.0,소진
3VTCMSK-108,일문_OL_카페인 데일리 마스크_300g_25ea_벌크,2E281I,etc.,2025-09-30,잔량,2,0.0,소진
3VTCMSK-108,일문_OL_카페인 데일리 마스크_300g_25ea_벌크,2E281I,etc.,2025-09-30,잔량,3,0.0,소진
3VTCMSK-108,일문_OL_카페인 데일리 마스크_300g_25ea_벌크,2E281I,etc.,2025-09-30,잔량,4,0.0,소진
3VTCMSK-108,일문_OL_카페인 데일리 마스크_300g_25ea_벌크,2E281I,etc.,2025-09-30,잔량,5,200.0,창고
3BMNMSK-003,달바 클린 티트리 리포좀 시카 카밍 마스크_벌크,2E102I,etc.,2025-09-11,잔량,1,134.0,창고
3VTCMSK-067,VT 피디알엔 마스크(30EA)_벌크,2E034K,etc.,2025-11-06,잔량,1,0.0,소진
3VTCMSK-067,VT 피디알엔 마스크(30EA)_벌크,2E034K,etc.,2025-11-06,잔량,2,0.0,소진
3VTCMSK-067,VT 피디알엔 마스크(30EA)_벌크,2E034K,etc.,2025-11-06,잔량,3,0.0,소진
3VTCMSK-067,VT 피디알엔 마스크(30EA)_벌크,2E034K,etc.,2025-11-06,잔량,4,0.0,소진
3VTCMSK-067,VT 피디알엔 마스크(30EA)_벌크,2E034K,etc.,2025-11-06,잔량,5,0.0,소진
3VTCMSK-067,VT 피디알엔 마스크(30EA)_벌크,2E034K,etc.,2025-11-06,잔량,6,220.0,6층-A1
3VTCMSK-067,VT 피디알엔 마스크(30EA)_벌크,2E103J,etc.,2025-10-22,잔량,1,0.0,소진
3VTCMSK-067,VT 피디알엔 마스크(30EA)_벌크,2E103J,etc.,2025-10-22,잔량,2,0.0,소진
3VTCMSK-067,VT 피디알엔 마스크(30EA)_벌크,2E103J,etc.,2025-10-22,잔량,3,200.0,6층-A1
3VTCMSK-067,VT 피디알엔 마스크(30EA)_벌크,2E139F,etc.,2025-06-16,잔량,1,0.0,소진
3VTCMSK-067,VT 피디알엔 마스크(30EA)_벌크,2E139F,etc.,2025-06-16,잔량,2,0.0,소진
3VTCMSK-067,VT 피디알엔 마스크(30EA)_벌크,2E139F,etc.,2025-06-16,잔량,3,400.0,창고
3VTCMSK-067,VT 피디알엔 마스크(30EA)_벌크,2E160I,etc.,2025-09-17,생산대기,1,600.0,창고
3VTCMSK-067,VT 피디알엔 마스크(30EA)_벌크,2E160I,etc.,2025-09-17,생산대기,2,640.0,창고
3VTCMSK-067,VT 피디알엔 마스크(30EA)_벌크,2E160I,etc.,2025-09-17,생산대기,3,790.0,창고
3VTCMSK-067,VT 피디알엔 마스크(30EA)_벌크,2E160I,etc.,2025-09-17,생산대기,4,1000.0,창고
3VTCMSK-067,VT 피디알엔 마스크(30EA)_벌크,2E160I,etc.,2025-09-17,생산대기,5,800.0,창고
3VTCMSK-067,VT 피디알엔 마스크(30EA)_벌크,2E160I,etc.,2025-09-17,생산대기,6,1000.0,창고
3VTCMSK-067,VT 피디알엔 마스크(30EA)_벌크,2E151I,etc.,2025-09-16,잔량,3,580.0,창고
3VTCMSK-067,VT 피디알엔 마스크(30EA)_벌크,2E151I,etc.,2025-09-16,잔량,4,1000.0,창고
3VTCMSK-067,VT 피디알엔 마스크(30EA)_벌크,2E151I,etc.,2025-09-16,잔량,5,1000.0,창고
3VTCMSK-067,VT 피디알엔 마스크(30EA)_벌크,2E061J,etc.,2025-10-17,잔량,1,0.0,소진
3VTCMSK-067,VT 피디알엔 마스크(30EA)_벌크,2E061J,etc.,2025-10-17,잔량,2,0.0,소진
3VTCMSK-067,VT 피디알엔 마스크(30EA)_벌크,2E061J,etc.,2025-10-17,잔량,3,0.0,소진
3VTCMSK-067,VT 피디알엔 마스크(30EA)_벌크,2E061J,etc.,2025-10-17,잔량,4,0.0,소진
3VTCMSK-067,VT 피디알엔 마스크(30EA)_벌크,2E061J,etc.,2025-10-17,잔량,5,1000.0,4층-A1
3BMNMSK-001,달바 화이트 트러플 더블 마스크팩[영양/보습]_마스크,2D294J,etc.,2024-10-24,잔량,1,368.0,6층-A1
3BMNMSK-001,달바 화이트 트러플 더블 마스크팩[영양/보습]_마스크,2D294J,etc.,2024-10-24,잔량,2,380.0,6층-A1
3BMNMSK-001,달바 화이트 트러플 더블 마스크팩[영양/보습]_마스크,2D294J,etc.,2024-10-24,잔량,3,1050.0,6층-A1
3VTCLOS-079,VT 시카 마일드 토너 패드(N)_벌크,2E105E,etc.,2025-05-13,잔량,1,257.0,창고
3VTCLOS-079,VT 시카 마일드 토너 패드(N)_벌크,2E105E,etc.,2025-05-13,잔량,2,77.0,창고
3VTCLOS-079,VT 시카 마일드 토너 패드(N)_벌크,2E301G,etc.,2025-07-22,잔량,1,0.0,소진
3VTCLOS-079,VT 시카 마일드 토너 패드(N)_벌크,2E301G,etc.,2025-07-22,잔량,2,0.0,소진
3VTCLOS-079,VT 시카 마일드 토너 패드(N)_벌크,2E301G,etc.,2025-07-22,잔량,3,350.0,6층-A1
3OLIMSK-015,마미케어 바다포도 포어 리프팅 앰플 마스크_벌크,2E044K,etc.,2025-11-07,외주,1,780.0,외주
3OLIMSK-015,마미케어 바다포도 포어 리프팅 앰플 마스크_벌크,2E044K,etc.,2025-11-07,외주,2,790.0,외주
3EMLMSK-001,"포헤르츠 카밍페어 데일리 시너지 마스크 1매,30매_벌크",2E027I,etc.,2025-09-03,잔량,2,250.0,6층-A1
3DCCLOS-001,데이셀 닥터비타 비타민 핸드크림_벌크,2E181J,etc.,2025-10-31,잔량,1,25.0,5층-A1
3DCCLOS-001,데이셀 닥터비타 비타민 핸드크림_벌크,2E182J,etc.,2025-10-31,외주,1,490.0,외주
3VTCMSK-070,VT 시카 데일리 리치 마스크(30매)_벌크,2E093B,etc.,2025-02-14,잔량,2,450.0,창고
3VTCLOS-057,VT 하이드롭 리들샷 100HL_벌크,2E146I,etc.,2025-09-16,잔량,2,330.0,창고
3VTCLOS-057,VT 하이드롭 리들샷 100HL_벌크,2E074I,etc.,2025-09-09,잔량,1,170.0,창고
3EMTMSK-004,펀치랩 파워 밸런싱 워시오프 마스크 스틱_벌크,2E188H,etc.,2025-08-22,잔량,1,40.0,창고
3VTCMSK-029,VT 시카 엑소좀 모이스처 마스크_벌크,2D029L,etc.,2024-12-04,생산대기,1,1000.0,2층-A1
3VTCMSK-029,VT 시카 엑소좀 모이스처 마스크_벌크,2D029L,etc.,2024-12-04,생산대기,2,1000.0,2층-A1
3VTCMSK-029,VT 시카 엑소좀 모이스처 마스크_벌크,2D029L,etc.,2024-12-04,생산대기,3,250.0,2층-A1
3VTCMSK-029,VT 시카 엑소좀 모이스처 마스크_벌크,2E278I,etc.,2025-09-30,잔량,1,0.0,소진
3VTCMSK-029,VT 시카 엑소좀 모이스처 마스크_벌크,2E278I,etc.,2025-09-30,잔량,2,0.0,소진
3VTCMSK-029,VT 시카 엑소좀 모이스처 마스크_벌크,2E278I,etc.,2025-09-30,잔량,3,0.0,소진
3VTCMSK-029,VT 시카 엑소좀 모이스처 마스크_벌크,2E278I,etc.,2025-09-30,잔량,4,900.0,4층-A1
3VTCMSK-029,VT 시카 엑소좀 모이스처 마스크_벌크,2E018H,etc.,2025-08-05,잔량,1,200.0,6층-A1
3VTCLOS-062,VT 리들샷 페이셜 레디언스 글루타치온 에센스(다이소)_벌크,2E069I,페이셜,2025-09-08,잔량,1,120.0,창고
3VTCLOS-062,VT 리들샷 페이셜 레디언스 글루타치온 에센스(다이소)_벌크,2D171L,페이셜,2024-12-26,생산대기,1,160.0,2층-A1
3VTCLOS-062,VT 리들샷 페이셜 레디언스 글루타치온 에센스(다이소)_벌크,2E228I,페이셜,2025-09-24,생산대기,1,150.0,2층-A1
3VTCLOS-062,VT 리들샷 페이셜 레디언스 글루타치온 에센스(다이소)_벌크,2E228I,페이셜,2025-09-24,생산대기,2,150.0,2층-A1
3VTCLOS-062,VT 리들샷 페이셜 레디언스 글루타치온 에센스(다이소)_벌크,2E334E,페이셜,2025-05-28,잔량,1,240.0,창고
3VTCLOS-062,VT 리들샷 페이셜 레디언스 글루타치온 에센스(다이소)_벌크,2E151F,페이셜,2025-06-16,잔량,1,340.0,창고
3SUDMSK-010,샤이닝퓨어업마스크,2E275I,etc.,2025-09-29,잔량,1,220.0,5층-A1
3VTCLOS-064,VT 프로 시카 리들샷 S50 페이셜 부스팅 퍼스트 앰플(다이소)_벌크,2E313E,페이셜,2025-05-27,잔량,1,970.0,창고
3VTCLOS-061,VT 리들샷 페이셜 리프팅 펩타이드 에센스(다이소)_벌크,2E227I,페이셜,2025-09-24,생산대기,1,300.0,2층-A1
3VTCLOS-061,VT 리들샷 페이셜 리프팅 펩타이드 에센스(다이소)_벌크,2E329E,페이셜,2025-05-28,잔량,1,262.0,창고
3TCSMSK-008,The Creme Shop Moisturizing To Go 3-Step Skincare Pack_Clenaser_벌크,2E178J,etc.,2025-10-31,잔량,1,3.0,창고
3VTCLOS-065,VT 콜라겐 리들샷 S50 페이셜 부스팅 퍼스트 앰플(다이소)_벌크,2E314E,페이셜,2025-05-27,잔량,1,205.0,창고
3VTCMSK-039,VT 슈퍼히알론 워터 3STEP 마스크팩_3제(슬리핑팩)_벌크,2E117J,etc.,2025-10-03,잔량,1,14.0,6층-A1
3VTCMSK-034,VT 슈퍼히알론 워터 3STEP 마스크팩_1제(폼클렌저)_벌크,S04,사급(유상),2025-10-22,잔량(유상),1,7.5,6층-A1
3VTCMSK-035,VT 프로그로스 너리싱 3STEP 마스크팩_1제(폼클렌저)_벌크,S03,사급(유상),2025-10-22,잔량(유상),1,12.0,6층-A1
3VTCMSK-047,VT 리들 S EFI-GF EX 마스크 일문패키지(25매) Dr.VT_벌크,2E155I,etc.,2025-09-17,잔량,1,0.0,소진
3VTCMSK-047,VT 리들 S EFI-GF EX 마스크 일문패키지(25매) Dr.VT_벌크,2E155I,etc.,2025-09-17,잔량,2,0.0,소진
3VTCMSK-047,VT 리들 S EFI-GF EX 마스크 일문패키지(25매) Dr.VT_벌크,2E155I,etc.,2025-09-17,잔량,3,0.0,소진
3VTCMSK-047,VT 리들 S EFI-GF EX 마스크 일문패키지(25매) Dr.VT_벌크,2E155I,etc.,2025-09-17,잔량,4,0.0,소진
3VTCMSK-047,VT 리들 S EFI-GF EX 마스크 일문패키지(25매) Dr.VT_벌크,2E155I,etc.,2025-09-17,잔량,5,190.0,창고
3VTCMSK-047,VT 리들 S EFI-GF EX 마스크 일문패키지(25매) Dr.VT_벌크,2E080D,etc.,2025-04-09,잔량,2,600.0,창고
3VTCMSK-047,VT 리들 S EFI-GF EX 마스크 일문패키지(25매) Dr.VT_벌크,2E171J,etc.,2025-10-30,잔량,1,0.0,소진
3VTCMSK-047,VT 리들 S EFI-GF EX 마스크 일문패키지(25매) Dr.VT_벌크,2E171J,etc.,2025-10-30,잔량,2,0.0,소진
3VTCMSK-047,VT 리들 S EFI-GF EX 마스크 일문패키지(25매) Dr.VT_벌크,2E171J,etc.,2025-10-30,잔량,3,0.0,소진
3VTCMSK-047,VT 리들 S EFI-GF EX 마스크 일문패키지(25매) Dr.VT_벌크,2E171J,etc.,2025-10-30,잔량,4,0.0,소진
3VTCMSK-047,VT 리들 S EFI-GF EX 마스크 일문패키지(25매) Dr.VT_벌크,2E171J,etc.,2025-10-30,잔량,5,200.0,6층-A1
3VTCMSK-047,VT 리들 S EFI-GF EX 마스크 일문패키지(25매) Dr.VT_벌크,2E057G,etc.,2025-07-04,잔량,1,0.0,소진
3VTCMSK-047,VT 리들 S EFI-GF EX 마스크 일문패키지(25매) Dr.VT_벌크,2E057G,etc.,2025-07-04,잔량,2,0.0,소진
3VTCMSK-047,VT 리들 S EFI-GF EX 마스크 일문패키지(25매) Dr.VT_벌크,2E057G,etc.,2025-07-04,잔량,3,400.0,창고
3VTCLOS-010,VT 마일드 리들 S 50 Dr.VT_벌크,2E122G,etc.,2025-07-09,잔량,1,230.0,6층-A1
3VTCLOS-010,VT 마일드 리들 S 50 Dr.VT_벌크,2E122G,etc.,2025-07-09,잔량,2,800.0,창고
3VTCLOS-010,VT 마일드 리들 S 50 Dr.VT_벌크,2E263I,etc.,2025-09-27,외주,1,290.0,외주
3VTCMSK-045,VT 리들 S EFI-GF EX 마스크 일문패키지(7매) Dr.VT_벌크,2E332E,etc.,2025-05-28,생산대기,1,680.0,2층-A1
3VTCMSK-045,VT 리들 S EFI-GF EX 마스크 일문패키지(7매) Dr.VT_벌크,2E332E,etc.,2025-05-28,생산대기,2,680.0,2층-A1
3EMTMSK-002,펀치랩 파워 카밍 슬리핑 마스크 스틱_벌크,2E173H,etc.,2025-08-21,잔량,1,70.0,창고
3VTCLOS-023,VT 리들샷 100 페이셜부스팅 퍼스트앰플(VT 100 리들샷 스틱파우치)_벌크,2E087J,페이셜,2025-10-21,생산대기,1,1000.0,6층-A1
3VTCLOS-023,VT 리들샷 100 페이셜부스팅 퍼스트앰플(VT 100 리들샷 스틱파우치)_벌크,2E087J,페이셜,2025-10-21,생산대기,2,1000.0,6층-A1
3VTCLOS-023,VT 리들샷 100 페이셜부스팅 퍼스트앰플(VT 100 리들샷 스틱파우치)_벌크,2E087J,페이셜,2025-10-21,생산대기,3,1000.0,6층-A1
3VTCLOS-023,VT 리들샷 100 페이셜부스팅 퍼스트앰플(VT 100 리들샷 스틱파우치)_벌크,2E135I,페이셜,2025-09-15,잔량,1,340.0,창고
3VTCLOS-023,VT 리들샷 100 페이셜부스팅 퍼스트앰플(VT 100 리들샷 스틱파우치)_벌크,2E135I,페이셜,2025-09-15,잔량,2,200.0,창고
3VTCLOS-023,VT 리들샷 100 페이셜부스팅 퍼스트앰플(VT 100 리들샷 스틱파우치)_벌크,2E135I,페이셜,2025-09-15,잔량,3,820.0,창고
3VTCLOS-023,VT 리들샷 100 페이셜부스팅 퍼스트앰플(VT 100 리들샷 스틱파우치)_벌크,2E088J,페이셜,2025-10-21,생산대기,1,1000.0,6층-A1
3VTCLOS-023,VT 리들샷 100 페이셜부스팅 퍼스트앰플(VT 100 리들샷 스틱파우치)_벌크,2E088J,페이셜,2025-10-21,생산대기,2,1000.0,6층-A1
3VTCLOS-023,VT 리들샷 100 페이셜부스팅 퍼스트앰플(VT 100 리들샷 스틱파우치)_벌크,2E088J,페이셜,2025-10-21,생산대기,3,1000.0,6층-A1
3VTCLOS-023,VT 리들샷 100 페이셜부스팅 퍼스트앰플(VT 100 리들샷 스틱파우치)_벌크,2E001J,페이셜,2025-10-01,생산대기,1,300.0,2층-A1
3VTCLOS-023,VT 리들샷 100 페이셜부스팅 퍼스트앰플(VT 100 리들샷 스틱파우치)_벌크,2E121J,페이셜,2025-10-24,생산대기,1,1000.0,4층-A1
3VTCLOS-023,VT 리들샷 100 페이셜부스팅 퍼스트앰플(VT 100 리들샷 스틱파우치)_벌크,2E121J,페이셜,2025-10-24,생산대기,2,680.0,4층-A1
3VTCLOS-029,"VT S100 프로 시카 리들 스틱 파우치(6매입) 일문패키지 Dr.VT(돈키호테), VT 100 프로 시카 리들샷 스틱파우치(10EA) _벌크",2E218I,etc.,2025-09-23,잔량,1,0.0,소진
3VTCLOS-029,"VT S100 프로 시카 리들 스틱 파우치(6매입) 일문패키지 Dr.VT(돈키호테), VT 100 프로 시카 리들샷 스틱파우치(10EA) _벌크",2E218I,etc.,2025-09-23,잔량,2,265.0,창고
3VTCLOS-030,"VT S100 콜라겐 리들 스틱 파우치(6매입) 일문패키지 Dr.VT(돈키호테), VT 100 콜라겐 리들샷 스틱파우치_벌크",2E097I,etc.,2025-09-10,잔량,1,230.0,창고
3OLIMSK-019,밀크터치 엔엠엔 블루레티놀 데일리 턴오버마스크_벌크,2E164J,etc.,2025-10-30,잔량,1,0.0,소진
3OLIMSK-019,밀크터치 엔엠엔 블루레티놀 데일리 턴오버마스크_벌크,2E164J,etc.,2025-10-30,잔량,2,0.0,소진
3OLIMSK-019,밀크터치 엔엠엔 블루레티놀 데일리 턴오버마스크_벌크,2E164J,etc.,2025-10-30,잔량,3,0.0,소진
3OLIMSK-019,밀크터치 엔엠엔 블루레티놀 데일리 턴오버마스크_벌크,2E164J,etc.,2025-10-30,잔량,4,0.0,소진
3OLIMSK-019,밀크터치 엔엠엔 블루레티놀 데일리 턴오버마스크_벌크,2E164J,etc.,2025-10-30,잔량,5,240.0,5층-A1
3OLIMSK-019,밀크터치 엔엠엔 블루레티놀 데일리 턴오버마스크_벌크,2E163J,etc.,2025-10-30,잔량,1,935.0,외주
3OLIMSK-019,밀크터치 엔엠엔 블루레티놀 데일리 턴오버마스크_벌크,2E163J,etc.,2025-10-30,잔량,2,55.0,5층-A1
3OLIMSK-019,밀크터치 엔엠엔 블루레티놀 데일리 턴오버마스크_벌크,2E272I,etc.,2025-09-29,잔량,1,0.0,소진
3OLIMSK-019,밀크터치 엔엠엔 블루레티놀 데일리 턴오버마스크_벌크,2E272I,etc.,2025-09-29,잔량,2,0.0,소진
3OLIMSK-019,밀크터치 엔엠엔 블루레티놀 데일리 턴오버마스크_벌크,2E272I,etc.,2025-09-29,잔량,3,0.0,소진
3OLIMSK-019,밀크터치 엔엠엔 블루레티놀 데일리 턴오버마스크_벌크,2E272I,etc.,2025-09-29,잔량,4,170.0,창고
3OLIMSK-019,밀크터치 엔엠엔 블루레티놀 데일리 턴오버마스크_벌크,2E165J,etc.,2025-10-30,생산대기,1,1000.0,2층-A1
3OLIMSK-019,밀크터치 엔엠엔 블루레티놀 데일리 턴오버마스크_벌크,2E165J,etc.,2025-10-30,생산대기,2,50.0,2층-A1
3OLIMSK-019,밀크터치 엔엠엔 블루레티놀 데일리 턴오버마스크_벌크,2E181H,etc.,2025-08-21,잔량,1,0.0,소진
3OLIMSK-019,밀크터치 엔엠엔 블루레티놀 데일리 턴오버마스크_벌크,2E181H,etc.,2025-08-21,잔량,2,0.0,소진
3OLIMSK-019,밀크터치 엔엠엔 블루레티놀 데일리 턴오버마스크_벌크,2E181H,etc.,2025-08-21,잔량,3,220.0,창고
3EMTMSK-001,펀치랩 파워 브라이트닝 슬리핑 마스크 스틱_벌크,2E178H,etc.,2025-08-21,잔량,1,60.0,창고
3TMRMSK-016,본셉 비타씨 더블샷 앰플 마스크_1제(앰플)_벌크,2E178I,etc.,2025-09-19,잔량,1,330.0,6층-A1
3EMTMSK-003,펀치랩 파워 퍼밍 워시오프 마스크 스틱_벌크,2E183H,etc.,2025-08-22,잔량,1,40.0,창고
3VTCLOS-006,"VT 리들샷 100, VT 리들샷 100 스틱파우치(10EA)_벌크",2E049I,리들샷,2025-09-05,생산대기,1,1000.0,6층-A1
3VTCLOS-006,"VT 리들샷 100, VT 리들샷 100 스틱파우치(10EA)_벌크",2E049I,리들샷,2025-09-05,생산대기,2,1000.0,6층-A1
3VTCLOS-006,"VT 리들샷 100, VT 리들샷 100 스틱파우치(10EA)_벌크",2D172J,리들샷,2024-10-16,잔량,2,570.0,6층-A1
3VTCLOS-006,"VT 리들샷 100, VT 리들샷 100 스틱파우치(10EA)_벌크",2E250I,리들샷,2025-09-26,생산대기,1,290.0,2층-A1
3VTCLOS-006,"VT 리들샷 100, VT 리들샷 100 스틱파우치(10EA)_벌크",2E224H,리들샷,2025-08-28,외주,1,1000.0,외주
3VTCLOS-006,"VT 리들샷 100, VT 리들샷 100 스틱파우치(10EA)_벌크",2E224H,리들샷,2025-08-28,외주,2,1000.0,외주
3VTCLOS-006,"VT 리들샷 100, VT 리들샷 100 스틱파우치(10EA)_벌크",2E042I,리들샷,2025-09-04,생산대기,1,1000.0,6층-A1
3VTCLOS-006,"VT 리들샷 100, VT 리들샷 100 스틱파우치(10EA)_벌크",2E042I,리들샷,2025-09-04,생산대기,2,1000.0,6층-A1
3VTCLOS-006,"VT 리들샷 100, VT 리들샷 100 스틱파우치(10EA)_벌크",2E040I,리들샷,2025-09-04,잔량,1,1000.0,외주
3VTCLOS-006,"VT 리들샷 100, VT 리들샷 100 스틱파우치(10EA)_벌크",2E040I,리들샷,2025-09-04,잔량,2,1000.0,2층-A1
3VTCLOS-006,"VT 리들샷 100, VT 리들샷 100 스틱파우치(10EA)_벌크",2E357E,리들샷,2025-05-30,잔량,1,200.0,5층-A1
3VTCLOS-006,"VT 리들샷 100, VT 리들샷 100 스틱파우치(10EA)_벌크",2E357E,리들샷,2025-05-30,잔량,2,1000.0,2층-A1
3VTCLOS-006,"VT 리들샷 100, VT 리들샷 100 스틱파우치(10EA)_벌크",2E047G,리들샷,2025-07-03,잔량,1,1000.0,외주
3VTCLOS-006,"VT 리들샷 100, VT 리들샷 100 스틱파우치(10EA)_벌크",2E047G,리들샷,2025-07-03,잔량,2,1000.0,2층-A1
3VTCLOS-006,"VT 리들샷 100, VT 리들샷 100 스틱파우치(10EA)_벌크",2E320F,리들샷,2025-06-30,잔량,1,300.0,6층-A1
3VTCLOS-006,"VT 리들샷 100, VT 리들샷 100 스틱파우치(10EA)_벌크",2E320F,리들샷,2025-06-30,잔량,2,670.0,5층-A1
3VTCLOS-006,"VT 리들샷 100, VT 리들샷 100 스틱파우치(10EA)_벌크",2E074J,리들샷,2025-10-20,생산대기,1,360.0,5층-A1
3VTCLOS-006,"VT 리들샷 100, VT 리들샷 100 스틱파우치(10EA)_벌크",2E041I,리들샷,2025-09-04,외주,1,1000.0,외주
3VTCLOS-006,"VT 리들샷 100, VT 리들샷 100 스틱파우치(10EA)_벌크",2E041I,리들샷,2025-09-04,외주,2,1000.0,외주
3VTCLOS-006,"VT 리들샷 100, VT 리들샷 100 스틱파우치(10EA)_벌크",2E180G,리들샷,2025-07-14,생산대기,1,650.0,2층-A1
3VTCLOS-006,"VT 리들샷 100, VT 리들샷 100 스틱파우치(10EA)_벌크",2E225H,리들샷,2025-08-28,외주,1,1000.0,외주
3VTCLOS-006,"VT 리들샷 100, VT 리들샷 100 스틱파우치(10EA)_벌크",2E225H,리들샷,2025-08-28,외주,2,1000.0,외주
3VTCLOS-006,"VT 리들샷 100, VT 리들샷 100 스틱파우치(10EA)_벌크",2E200F,리들샷,2025-06-20,잔량,1,500.0,6층-A1
3VTCLOS-006,"VT 리들샷 100, VT 리들샷 100 스틱파우치(10EA)_벌크",2E050I,리들샷,2025-09-05,생산대기,1,1000.0,6층-A1
3VTCLOS-006,"VT 리들샷 100, VT 리들샷 100 스틱파우치(10EA)_벌크",2E050I,리들샷,2025-09-05,생산대기,2,1000.0,6층-A1
3VTCLOS-006,"VT 리들샷 100, VT 리들샷 100 스틱파우치(10EA)_벌크",2E076J,리들샷,2025-10-20,생산대기,1,740.0,4층-A1
3VTCLOS-006,"VT 리들샷 100, VT 리들샷 100 스틱파우치(10EA)_벌크",2E076J,리들샷,2025-10-20,생산대기,2,740.0,4층-A1
3VTCLOS-006,"VT 리들샷 100, VT 리들샷 100 스틱파우치(10EA)_벌크",2E076J,리들샷,2025-10-20,생산대기,3,740.0,4층-A1
3VTCLOS-006,"VT 리들샷 100, VT 리들샷 100 스틱파우치(10EA)_벌크",2E082J,리들샷,2025-10-20,생산대기,1,740.0,5층-A1
3VTCLOS-006,"VT 리들샷 100, VT 리들샷 100 스틱파우치(10EA)_벌크",2E082J,리들샷,2025-10-20,생산대기,2,740.0,5층-A1
3VTCLOS-006,"VT 리들샷 100, VT 리들샷 100 스틱파우치(10EA)_벌크",2E082J,리들샷,2025-10-20,생산대기,3,740.0,5층-A1
3VTCLOS-006,"VT 리들샷 100, VT 리들샷 100 스틱파우치(10EA)_벌크",2E029F,리들샷,2025-06-04,외주,1,1000.0,외주
3VTCLOS-006,"VT 리들샷 100, VT 리들샷 100 스틱파우치(10EA)_벌크",2E067J,리들샷,2025-10-17,잔량,2,40.0,6층-A1
3VTCLOS-006,"VT 리들샷 100, VT 리들샷 100 스틱파우치(10EA)_벌크",2E157J,리들샷,2025-10-29,외주,1,780.0,외주
3VTCLOS-006,"VT 리들샷 100, VT 리들샷 100 스틱파우치(10EA)_벌크",2E157J,리들샷,2025-10-29,외주,2,780.0,외주
3VTCLOS-006,"VT 리들샷 100, VT 리들샷 100 스틱파우치(10EA)_벌크",2E157J,리들샷,2025-10-29,외주,3,740.0,외주
3VTCLOS-006,"VT 리들샷 100, VT 리들샷 100 스틱파우치(10EA)_벌크",2E155J,리들샷,2025-10-29,생산대기,1,700.0,2층-A1
3VTCLOS-006,"VT 리들샷 100, VT 리들샷 100 스틱파우치(10EA)_벌크",2E155J,리들샷,2025-10-29,생산대기,2,690.0,2층-A1
3VTCLOS-006,"VT 리들샷 100, VT 리들샷 100 스틱파우치(10EA)_벌크",2E030F,리들샷,2025-06-04,외주,1,230.0,외주
3VTCLOS-006,"VT 리들샷 100, VT 리들샷 100 스틱파우치(10EA)_벌크",2E219H,리들샷,2025-08-28,잔량,1,1000.0,2층-A1
3VTCLOS-006,"VT 리들샷 100, VT 리들샷 100 스틱파우치(10EA)_벌크",2E219H,리들샷,2025-08-28,잔량,2,817.0,2층-A1
3VTCLOS-006,"VT 리들샷 100, VT 리들샷 100 스틱파우치(10EA)_벌크",2E026K,리들샷,2025-11-05,외주,1,540.0,외주
3VTCLOS-006,"VT 리들샷 100, VT 리들샷 100 스틱파우치(10EA)_벌크",2E026K,리들샷,2025-11-05,외주,2,540.0,외주
3VTCLOS-006,"VT 리들샷 100, VT 리들샷 100 스틱파우치(10EA)_벌크",2E039I,리들샷,2025-09-04,외주,1,970.0,외주
3VTCLOS-006,"VT 리들샷 100, VT 리들샷 100 스틱파우치(10EA)_벌크",2E170I,리들샷,2025-09-18,잔량,1,550.0,6층-A1
3MDPLOS-001,메디필 피토 엑소좀 피디알엔 리프팅 샷 크림_벌크,2E265I,etc.,2025-09-27,외주,1,590.0,외주
3VTCLOS-020,VT 콜라겐 리들샷 100_벌크,2E126I,etc.,2025-09-13,잔량,1,20.0,창고
3VTCLOS-020,VT 콜라겐 리들샷 100_벌크,2E184G,etc.,2025-07-14,잔량,2,180.0,창고
3TKHESS-002,펀치랩 유자씨 스킨 브라이트닝 앰플_벌크,2E069F,etc.,2025-06-09,생산대기,1,128.0,2층-A1
3VTCLOS-032,VT S100 비타-라이트 리들 스틱 파우치(6매입) 일문패키지 Dr.VT(돈키호테)_벌크,2D081J,etc.,2024-10-08,생산대기,1,340.0,2층-A1
3OLIMSK-009,밀크터치 산삼 골드 PDRN 데일리 스페셜 마스크_벌크,2E020H,etc.,2025-08-05,잔량,1,0.0,소진
3OLIMSK-009,밀크터치 산삼 골드 PDRN 데일리 스페셜 마스크_벌크,2E020H,etc.,2025-08-05,잔량,2,0.0,소진
3OLIMSK-009,밀크터치 산삼 골드 PDRN 데일리 스페셜 마스크_벌크,2E020H,etc.,2025-08-05,잔량,3,0.0,소진
3OLIMSK-009,밀크터치 산삼 골드 PDRN 데일리 스페셜 마스크_벌크,2E020H,etc.,2025-08-05,잔량,4,580.0,6층-A1
3VTCLOS-258,일문_RI_라이스 아이크림_20ml_1ea_돈키호테_벌크,2E277I,etc.,2025-09-29,잔량,1,30.0,창고
3VTCESS-008,VT 100 비타-라이트 리들샷 스틱파우치(10EA)_벌크,2E246I,etc.,2025-09-25,잔량,1,240.0,창고
3PPRMKR-001,파파레서피 블레미쉬 클렌징 오일_벌크,2E009H,etc.,2025-08-04,잔량,1,520.0,창고
3MDPMKR-002,"(단가절감,사용중지)메디필 레드 락토 콜라겐 클렌징 오일 2.0_벌크",2D324G,etc.,2024-07-29,잔량,1,464.0,창고
3VTCLOS-024,VT 리들샷 300 페이셜부스팅 퍼스트앰플(VT 300 리들샷 스틱파우치)_벌크,2E071J,페이셜,2025-10-20,생산 中,1,1000.0,6층-A1
3VTCLOS-024,VT 리들샷 300 페이셜부스팅 퍼스트앰플(VT 300 리들샷 스틱파우치)_벌크,2E071J,페이셜,2025-10-20,생산 中,2,1000.0,6층-A1
3VTCLOS-024,VT 리들샷 300 페이셜부스팅 퍼스트앰플(VT 300 리들샷 스틱파우치)_벌크,2E071J,페이셜,2025-10-20,생산 中,3,1000.0,6층-A1
3VTCLOS-024,VT 리들샷 300 페이셜부스팅 퍼스트앰플(VT 300 리들샷 스틱파우치)_벌크,2E120J,페이셜,2025-10-24,생산대기,1,1000.0,4층-A1
3VTCLOS-024,VT 리들샷 300 페이셜부스팅 퍼스트앰플(VT 300 리들샷 스틱파우치)_벌크,2E120J,페이셜,2025-10-24,생산대기,2,1000.0,4층-A1
3VTCLOS-024,VT 리들샷 300 페이셜부스팅 퍼스트앰플(VT 300 리들샷 스틱파우치)_벌크,2E120J,페이셜,2025-10-24,생산대기,3,1000.0,4층-A1
3VTCLOS-024,VT 리들샷 300 페이셜부스팅 퍼스트앰플(VT 300 리들샷 스틱파우치)_벌크,2E025K,페이셜,2025-11-05,생산 中,1,970.0,6층-A1
3VTCLOS-024,VT 리들샷 300 페이셜부스팅 퍼스트앰플(VT 300 리들샷 스틱파우치)_벌크,2E119J,페이셜,2025-10-24,생산대기,1,1000.0,5층-A1
3VTCLOS-024,VT 리들샷 300 페이셜부스팅 퍼스트앰플(VT 300 리들샷 스틱파우치)_벌크,2E119J,페이셜,2025-10-24,생산대기,2,680.0,5층-A1
3BMNESS-001,달바 화이트 트러플 더블 마스크팩[진정/보습]_세럼,2E191F,etc.,2025-06-19,잔량,1,0.0,소진
3BMNESS-001,달바 화이트 트러플 더블 마스크팩[진정/보습]_세럼,2E191F,etc.,2025-06-19,잔량,2,190.0,창고
3OLIESS-008,성분에디터 실크펩타이드 인텐시브 리프팅앰플_벌크,2E101J,etc.,2025-10-22,외주,1,660.0,외주
3VTCLOS-259,국문_RE_리들샷 포 맨 올인원_150ml_1ea_올리브영_벌크,2E182I,etc.,2025-09-19,잔량,1,0.0,소진
3VTCLOS-259,국문_RE_리들샷 포 맨 올인원_150ml_1ea_올리브영_벌크,2E182I,etc.,2025-09-19,잔량,2,645.0,5층-A1
3ABTMKR-001,파파레서피 가지 클리어링 퓨어 워터리 클렌징 오일_벌크,2E214F,etc.,2025-06-20,잔량,1,180.0,6층-A1
3VTCLOS-060,VT 리들샷 페이셜 리페어 EGF 에센스(다이소)_벌크,2E147I,페이셜,2025-09-16,잔량,1,120.0,창고
3VTCLOS-060,VT 리들샷 페이셜 리페어 EGF 에센스(다이소)_벌크,2E026A,페이셜,2025-01-07,생산대기,1,160.0,2층-A1
3VTCLOS-060,VT 리들샷 페이셜 리페어 EGF 에센스(다이소)_벌크,2E032K,페이셜,2025-11-05,생산대기,1,200.0,2층-A1
3OLIOIL-001,그린토마토 딥 포어 더블 클렌징 앰플 오일_벌크,2E286F,etc.,2025-06-26,잔량,2,186.0,2층-A1
3VTCCLN-018,일문_RI_라이스 워시오프팩_170g_1ea_돈키호테_벌크,2E243I,etc.,2025-09-25,잔량,3,182.0,5층-A1
3VTCMSK-081,국문_CI_시카 캡슐 마스크(3매입)(1049289)_다이소_7.5g_3ea_벌크,2E287I,etc.,2025-09-30,생산대기,1,750.0,4층-A1
3OLISKN-004,성분에디터 딥 콜라겐 베리어 세럼 미스트_유상_벌크,2E201I,etc.,2025-09-22,잔량,1,26.0,2층-A1
3OLISKN-004,성분에디터 딥 콜라겐 베리어 세럼 미스트_유상_벌크,2E124I,etc.,2025-09-13,잔량,2,40.0,창고
3OLILOS-005,성분에디터 레드어성초바하리노트러블릴리프수딩크림_벌크,2E081J,etc.,2025-10-20,잔량,1,34.0,5층-A1
3VTCLOS-007,"VT 리들샷 300, VT 리들샷 300 스틱파우치(10EA)_벌크",2E013K,리들샷,2025-11-04,생산대기,1,50.0,2층-A1
3VTCLOS-007,"VT 리들샷 300, VT 리들샷 300 스틱파우치(10EA)_벌크",2E080J,리들샷,2025-10-20,외주,1,100.0,외주
3VTCLOS-007,"VT 리들샷 300, VT 리들샷 300 스틱파우치(10EA)_벌크",2E205G,리들샷,2025-07-15,잔량,1,290.0,6층-A1
3VTCLOS-007,"VT 리들샷 300, VT 리들샷 300 스틱파우치(10EA)_벌크",2E346G,리들샷,2025-07-28,생산대기,1,100.0,2층-A1
3VTCESS-007,VT 100 레티-에이 리들샷 스틱파우치(10EA)_벌크,2E222I,etc.,2025-09-23,잔량,1,270.0,창고
3VTCLOS-083,VT 리들S 피디알엔 플러스 세럼_벌크,2E204F,etc.,2025-06-20,잔량,1,200.0,창고
3VTCLOS-083,VT 리들S 피디알엔 플러스 세럼_벌크,2E132J,etc.,2025-10-27,생산대기,1,500.0,2층-A1
3VTCLOS-083,VT 리들S 피디알엔 플러스 세럼_벌크,2E132J,etc.,2025-10-27,생산대기,2,530.0,2층-A1
3VTCCLN-017,브이티 라이스 마스크 클렌저_벌크,2E087H,etc.,2025-08-12,생산대기,1,580.0,2층-A1
3VTCCLN-017,브이티 라이스 마스크 클렌저_벌크,2E072H,etc.,2025-08-11,생산대기,1,210.0,2층-A1
3VTCCLN-017,브이티 라이스 마스크 클렌저_벌크,2E086H,etc.,2025-08-12,생산대기,1,580.0,2층-A1
3VTCLOS-063,VT 리들샷 500 페이셜 부스팅 퍼스트 앰플(다이소)_벌크,2E006K,페이셜,2025-11-03,생산대기,1,500.0,2층-A1
3VTCLOS-063,VT 리들샷 500 페이셜 부스팅 퍼스트 앰플(다이소)_벌크,2E016I,페이셜,2025-09-02,외주,1,500.0,외주
3VTCLOS-063,VT 리들샷 500 페이셜 부스팅 퍼스트 앰플(다이소)_벌크,2E016I,페이셜,2025-09-02,외주,2,80.0,외주
3VTCLOS-257,국문_OL_시카 레티놀 포어 업 세럼_30mL_1ea_벌크,2E175J,etc.,2025-10-31,외주,1,530.0,외주
3BSSMSK-001,이퀄베리＿퍼플라이스포어퓨리파잉팩클렌져_벌크,2E060J,etc.,2025-10-17,잔량,1,30.0,5층-A1
3BSSMSK-001,이퀄베리＿퍼플라이스포어퓨리파잉팩클렌져_벌크,2E060J,etc.,2025-10-17,잔량,2,40.0,5층-A1
3BSSMSK-001,이퀄베리＿퍼플라이스포어퓨리파잉팩클렌져_벌크,2E078J,etc.,2025-10-20,잔량,1,700.0,외주
3BSSMSK-001,이퀄베리＿퍼플라이스포어퓨리파잉팩클렌져_벌크,2E078J,etc.,2025-10-20,잔량,2,105.0,5층-A1
3VTCCLN-004,VT 시카 마스크 클렌저_벌크,2E142J,etc.,2025-10-28,잔량,1,30.0,창고
3VTCCLN-004,VT 시카 마스크 클렌저_벌크,2E142J,etc.,2025-10-28,잔량,2,25.0,창고
3VTCCLN-004,VT 시카 마스크 클렌저_벌크,2E153J,etc.,2025-10-29,잔량,1,25.0,창고
3VTCCLN-004,VT 시카 마스크 클렌저_벌크,2E153J,etc.,2025-10-29,잔량,2,35.0,창고
3OLILOS-002,성분에디터 액티브 마린 아스타잔틴 캡슐 크림_벌크,2E042A,etc.,2025-01-08,생산대기,1,280.0,2층-A1
3VTCMSK-041,VT 프로그로스 너리싱 3STEP 마스크팩_3제(슬리핑)_벌크,J28Y008,사급(유상),2025-10-28,잔량(유상),1,57.5,소진
3VTCMSK-041,VT 프로그로스 너리싱 3STEP 마스크팩_3제(슬리핑)_벌크,J28Y008,사급(유상),2025-10-28,잔량(유상),2,18.0,6층-A1
3VTCMSK-028,VT 시카 콜라겐 올인원 3스텝 마스크_STEP3(크림)_벌크,D14E002,사급(유상),2025-04-14,잔량(유상),1,120.0,2층-A1
3VTCMSK-028,VT 시카 콜라겐 올인원 3스텝 마스크_STEP3(크림)_벌크,L11D004,사급(유상),2024-12-11,잔량(유상),1,130.0,2층-A1
3VTCMSK-037,VT 시카 카밍 3STEP 마스크팩_3제(슬리핑팩)_벌크,J29Y008,사급(유상),2025-10-29,잔량(유상),1,80.0,6층-A1
3VTCESS-009,일문_RE_리들S 피디알엔 플러스 리들샷 100_벌크,2E060E,etc.,2025-05-09,잔량,1,218.0,창고
3VTCESS-009,일문_RE_리들S 피디알엔 플러스 리들샷 100_벌크,2E325F,etc.,2025-07-01,잔량,1,190.0,창고
3VTCLOS-069,VT 레드부스터 리들샷 100_벌크,2E085J,etc.,2025-10-21,외주,1,240.0,외주
3VTCESS-015,일문_PD_피디알엔 플러스 리들S 300 1+1기획_일본 홈쇼핑_50ml_2ea_벌크,2E144E,etc.,2025-05-15,잔량,2,206.0,창고
3SCCPWD-001,쌔뮤 갈락토 포어 츄이 파우더 워시 50g_벌크,2E193G,etc.,2025-07-14,잔량,1,13.0,2층-A1
3SCCPWD-001,쌔뮤 갈락토 포어 츄이 파우더 워시 50g_벌크,2E193G,etc.,2025-07-14,잔량,2,20.0,2층-A1
3SCCMSK-007,쌔뮤 갈락토 포어 딥클린 2스텝 마스크 1제(지정매입)_벌크,EI2202,사급(유상),2025-09-24,잔량(유상),1,0.0,소진
3SCCMSK-007,쌔뮤 갈락토 포어 딥클린 2스텝 마스크 1제(지정매입)_벌크,EI2202,사급(유상),2025-09-24,잔량(유상),2,25.0,2층-A1
3SCCMSK-007,쌔뮤 갈락토 포어 딥클린 2스텝 마스크 1제(지정매입)_벌크,ED1803,사급(유상),2025-04-23,잔량(유상),1,0.0,소진
3SCCMSK-007,쌔뮤 갈락토 포어 딥클린 2스텝 마스크 1제(지정매입)_벌크,ED1803,사급(유상),2025-04-23,잔량(유상),2,33.0,6층-A1
3SCCMSK-007,쌔뮤 갈락토 포어 딥클린 2스텝 마스크 1제(지정매입)_벌크,EH2605,사급(유상),2025-08-28,잔량(유상),1,216.0,6층-A1
3SCCMSK-007,쌔뮤 갈락토 포어 딥클린 2스텝 마스크 1제(지정매입)_벌크,EH2605,사급(유상),2025-08-28,잔량(유상),2,219.0,6층-A1
3SCCMSK-007,쌔뮤 갈락토 포어 딥클린 2스텝 마스크 1제(지정매입)_벌크,EH2605,사급(유상),2025-08-28,잔량(유상),3,215.0,6층-A1
3SCCMSK-007,쌔뮤 갈락토 포어 딥클린 2스텝 마스크 1제(지정매입)_벌크,EH2605,사급(유상),2025-08-28,잔량(유상),4,218.0,6층-A1
3SCCMSK-007,쌔뮤 갈락토 포어 딥클린 2스텝 마스크 1제(지정매입)_벌크,EH2605,사급(유상),2025-08-28,잔량(유상),5,162.0,6층-A1
3OLIESS-005,성분에디터 딥콜라겐 파워 부스팅 크림 인세럼_벌크,2E040K,etc.,2025-11-07,생산대기,1,200.0,5층-A1
3OLIESS-005,성분에디터 딥콜라겐 파워 부스팅 크림 인세럼_벌크,2E040K,etc.,2025-11-07,생산대기,2,200.0,5층-A1
3OLIESS-005,성분에디터 딥콜라겐 파워 부스팅 크림 인세럼_벌크,2E040K,etc.,2025-11-07,생산대기,3,200.0,5층-A1
3OLIESS-005,성분에디터 딥콜라겐 파워 부스팅 크림 인세럼_벌크,2E040K,etc.,2025-11-07,생산대기,4,200.0,5층-A1
3OLIESS-005,성분에디터 딥콜라겐 파워 부스팅 크림 인세럼_벌크,2E040K,etc.,2025-11-07,생산대기,5,200.0,5층-A1
3OLIESS-005,성분에디터 딥콜라겐 파워 부스팅 크림 인세럼_벌크,2E040K,etc.,2025-11-07,생산대기,6,200.0,5층-A1
3OLIESS-005,성분에디터 딥콜라겐 파워 부스팅 크림 인세럼_벌크,2E040K,etc.,2025-11-07,생산대기,7,200.0,5층-A1
3OLIESS-005,성분에디터 딥콜라겐 파워 부스팅 크림 인세럼_벌크,2E040K,etc.,2025-11-07,생산대기,8,200.0,5층-A1
3OLIESS-005,성분에디터 딥콜라겐 파워 부스팅 크림 인세럼_벌크,2E205I,etc.,2025-09-22,잔량,1,0.0,소진
3OLIESS-005,성분에디터 딥콜라겐 파워 부스팅 크림 인세럼_벌크,2E205I,etc.,2025-09-22,잔량,2,0.0,소진
3OLIESS-005,성분에디터 딥콜라겐 파워 부스팅 크림 인세럼_벌크,2E205I,etc.,2025-09-22,잔량,3,0.0,소진
3OLIESS-005,성분에디터 딥콜라겐 파워 부스팅 크림 인세럼_벌크,2E205I,etc.,2025-09-22,잔량,4,0.0,소진
3OLIESS-005,성분에디터 딥콜라겐 파워 부스팅 크림 인세럼_벌크,2E205I,etc.,2025-09-22,잔량,5,0.0,소진
3OLIESS-005,성분에디터 딥콜라겐 파워 부스팅 크림 인세럼_벌크,2E205I,etc.,2025-09-22,잔량,6,0.0,소진
3OLIESS-005,성분에디터 딥콜라겐 파워 부스팅 크림 인세럼_벌크,2E205I,etc.,2025-09-22,잔량,7,0.0,소진
3OLIESS-005,성분에디터 딥콜라겐 파워 부스팅 크림 인세럼_벌크,2E205I,etc.,2025-09-22,잔량,8,0.0,소진
3OLIESS-005,성분에디터 딥콜라겐 파워 부스팅 크림 인세럼_벌크,2E205I,etc.,2025-09-22,잔량,9,0.0,소진
3OLIESS-005,성분에디터 딥콜라겐 파워 부스팅 크림 인세럼_벌크,2E205I,etc.,2025-09-22,잔량,10,0.0,소진
3OLIESS-005,성분에디터 딥콜라겐 파워 부스팅 크림 인세럼_벌크,2E205I,etc.,2025-09-22,잔량,11,0.0,소진
3OLIESS-005,성분에디터 딥콜라겐 파워 부스팅 크림 인세럼_벌크,2E205I,etc.,2025-09-22,잔량,12,0.0,소진
3OLIESS-005,성분에디터 딥콜라겐 파워 부스팅 크림 인세럼_벌크,2E205I,etc.,2025-09-22,잔량,13,0.0,소진
3OLIESS-005,성분에디터 딥콜라겐 파워 부스팅 크림 인세럼_벌크,2E205I,etc.,2025-09-22,잔량,14,0.0,소진
3OLIESS-005,성분에디터 딥콜라겐 파워 부스팅 크림 인세럼_벌크,2E205I,etc.,2025-09-22,잔량,15,64.0,5층-A1
3OLIESS-005,성분에디터 딥콜라겐 파워 부스팅 크림 인세럼_벌크,2E205I,etc.,2025-09-22,잔량,16,106.0,5층-A1
3VTCLOS-048,VT 레티-에이 리들샷 100_벌크,2E085I,etc.,2025-09-10,생산대기,1,80.0,2층-A1
3VTCLOS-048,VT 레티-에이 리들샷 100_벌크,2E019H,etc.,2025-08-05,생산대기,1,180.0,2층-A1
3VTCLOS-081,VT 블랙트러플 리들샷 100_벌크,2E212D,etc.,2025-04-21,잔량,2,192.0,창고
3OBZPWD-001,Aruen 두부 밀크 효소 파우더 클렌저_벌크,2E034E,etc.,2025-05-08,생산대기,1,13.0,2층-A1
3VTCMSK-027,VT 시카 레티-에이 올인원 3스텝 마스크_STEP3(나이트크림)_벌크,2TA327,사급(유상),2025-01-16,잔량(유상),1,80.0,2층-A1
3REKMKR-002,Rael Beauty Miracle Clear SOS Retinol Chin Mask_벌크(2제 크림),25C006/FCA,사급(유상),2025-03-27,잔량(유상),1,50.0,2층-A1
3REKMKR-002,Rael Beauty Miracle Clear SOS Retinol Chin Mask_벌크(2제 크림),25J014/OJA,사급(유상),2025-09-30,잔량(유상),1,200.0,6층-A1
3REKMKR-002,Rael Beauty Miracle Clear SOS Retinol Chin Mask_벌크(2제 크림),25C005/ECA,사급(유상),2025-03-20,잔량(유상),1,50.0,6층-A1
3OLIPWD-003,그린토마토 딥 포어 클린 엔자임 파우더 워시_벌크,2E121I,etc.,2025-09-12,잔량,1,19.0,6층-A1
3VTCLOS-008,VT 리들샷 700_벌크,2E233E,etc.,2025-05-21,잔량,1,200.0,창고
3VTCLOS-008,VT 리들샷 700_벌크,2E244G,리들샷,2025-07-17,생산대기,1,180.0,2층-A1
3VTCLOS-008,VT 리들샷 700_벌크,2E122H,리들샷,2025-08-14,생산대기,1,90.0,2층-A1
3VTCLOS-008,VT 리들샷 700_벌크,2E053I,리들샷,2025-09-05,외주,1,247.0,외주
3VTCLOS-008,VT 리들샷 700_벌크,2E373E,리들샷,2025-05-31,잔량,1,60.0,6층-A1
3VTCMSK-021,VT 리들 올인원 3스텝 마스크_STEP3(리프트크림)_벌크,E20J34-J20E004,사급(유상),2025-10-20,잔량(유상),1,17.0,6층-A1
3VTCMSK-026,VT 시카 레티-에이 올인원 3스텝 마스크_STEP2(에센스)_벌크,2TA308/A15E001,사급(유상),2025-01-15,잔량(유상),1,80.0,2층-A1
33CLMSK-054,TADA BEAUTY Essential Vitamin C 3-STEP Facial Care_1제(마스크팩)_벌크,2E131D,etc.,2025-04-15,잔량,1,206.0,창고
3MDPMKR-003,메디필 레드 락토 콜라겐 클렌징 오일 2.0_임시사용,2E017E,etc.,2025-05-02,잔량,1,450.0,창고
3FICMSK-001,아로셀 히알B5 수딩 패드_벌크,2E212C,etc.,2025-03-28,잔량,1,55.0,창고
3BSSESS-001,이퀄베리＿퍼플ＰＤＲＮ포어　미니마이징　세럼_벌크,2E042E,etc.,2025-05-08,잔량,1,45.0,창고
3KKMMSK-016,아누아 8 히알루론산 카테킨 카밍 패드_벌크(사급),EJ025,사급(무상),2025-10-30,외주,1,940.0,외주
3VTCLOS-015,VT 시카 카밍 에센스_벌크,2E147J,etc.,2025-10-28,외주,1,610.0,외주
3MDPMKR-003,메디필 레드 락토 콜라겐 클렌징 오일 2.0_임시사용,2E135J,etc.,2025-10-27,잔량,1,50.0,창고
3VTCLOS-053,VT 비타-라이트 리들샷 300_벌크,2E056J,etc.,2025-10-16,외주,1,90.0,외주
3DALHAR-001,쿤달 리치퍼퓸 샴푸 화이트머스크_벌크,2E013J,etc.,2025-10-02,잔량,2,680.0,6층-A1
3VTCLOS-028,VT 콜라겐 리들샷 700_벌크,2E009J,etc.,2025-10-01,잔량,1,90.0,6층-A1
3ORGMSK-008,석류콜라겐캡슐팩_벌크,2E035K,etc.,2025-11-06,생산대기,1,820.0,4층-A1
3COHMSK-001,ZO Skin Health Skin Brightenting Sheet Masque(조 스킨 헬스 브라이트닝 시트 마스크),2E037K,etc.,2025-11-07,외주,1,570.0,외주
3COHMSK-001,ZO Skin Health Skin Brightenting Sheet Masque(조 스킨 헬스 브라이트닝 시트 마스크),2E037K,etc.,2025-11-07,외주,2,560.0,외주
3BSSESS-001,이퀄베리＿퍼플ＰＤＲＮ포어　미니마이징　세럼_벌크,2E045K,etc.,2025-11-07,외주,1,660.0,외주
3BSKMSK-004,원진이펙트 하이드로 라이즈 히알루로닉 마스크팩_벌크(사급),ZH040,사급(무상),2024-08-23,잔량(무상),1,400.0,2층-A1
3KKMMSK-014,니들리 크로스 베리어 마스크(30매)_벌크(사급),EI001,사급(무상),2025-09-25,잔량(무상),1,947.0,5층-A1
3KKMMSK-014,니들리 크로스 베리어 마스크(30매)_벌크(사급),EI001,사급(무상),2025-09-25,잔량(무상),2,858.0,5층-A1
3CMKMSK-011,다이소 슈퍼히알론 캡슐 마스크(3매입)_벌크(사급),H22X005,사급(무상),2024-08-22,잔량(무상),1,21.0,2층-A1
3VTCLOS-244,리들샷 멀티버스 피디알엔 리들샷 100_벌크(사급),25E3004,사급(무상),2025-05-30,잔량(무상),2,5.9,6층-A1
3FNCMSK-002,바닐라코 미스플라워 앤 미스터허니 프로폴리스 리쥬비네이팅 2step마스크_2제벌크,25G003/CGA,사급(무상),2025-07-15,잔량(무상),1,2.5,6층-A1
3VTCCLN-001,브이티 시카 바디워시 (블랙스톤)_벌크,2D156B,etc.,2024-02-21,잔량,1,0.0,소진
3VTCCLN-001,브이티 시카 바디워시 (블랙스톤)_벌크,2D156B,etc.,2024-02-21,잔량,2,200.0,5층-A1
3VTCCLN-001,브이티 시카 바디워시 (블랙스톤)_벌크,2D156B,etc.,2024-02-21,잔량,3,200.0,5층-A1
3IPLMSK-001,스킨푸드 캐롯 카로틴 마스크 7매입_벌크(사급),251021-2/LAP2,사급(무상),2025-10-21,잔량(무상),1,744.0,4층-A1
3IPLMSK-001,스킨푸드 캐롯 카로틴 마스크 7매입_벌크(사급),251021-2/LAP2,사급(무상),2025-10-21,잔량(무상),2,755.8,4층-A1
3KKMMSK-020,하이디 바이 블랑두부 스노우 밀크패드_임가공_벌크(사급),EI001,사급(무상),2025-09-25,잔량(무상),1,0.0,소진
3KKMMSK-020,하이디 바이 블랑두부 스노우 밀크패드_임가공_벌크(사급),EI001,사급(무상),2025-09-25,잔량(무상),2,0.0,소진
3KKMMSK-020,하이디 바이 블랑두부 스노우 밀크패드_임가공_벌크(사급),EI001,사급(무상),2025-09-25,잔량(무상),3,954.0,5층-A1
3CABESS-001,화이테오라 멜라 화이브디 세럼 사셰 임가공_벌크(사급),25J0003,사급(무상),2025-10-24,잔량(무상),1,7.0,6층-A1
3IPLMSK-001,스킨푸드 캐롯 카로틴 마스크 7매입_벌크(사급),251107-1/7BP1,사급(무상),2025-11-07,잔량(무상),1,0.0,소진
3IPLMSK-001,스킨푸드 캐롯 카로틴 마스크 7매입_벌크(사급),251107-1/7BP1,사급(무상),2025-11-07,잔량(무상),2,0.0,소진
3IPLMSK-001,스킨푸드 캐롯 카로틴 마스크 7매입_벌크(사급),251107-1/7BP1,사급(무상),2025-11-07,잔량(무상),3,748.8,4층-A1
3IPLMSK-001,스킨푸드 캐롯 카로틴 마스크 7매입_벌크(사급),251107-2/7BP2,사급(무상),2025-11-07,잔량(무상),1,0.0,소진
3IPLMSK-001,스킨푸드 캐롯 카로틴 마스크 7매입_벌크(사급),251107-2/7BP2,사급(무상),2025-11-07,잔량(무상),2,792.0,4층-A1
3IPLMSK-001,스킨푸드 캐롯 카로틴 마스크 7매입_벌크(사급),251107-2/7BP2,사급(무상),2025-11-07,잔량(무상),3,750.8,4층-A1
3OLIMSK-023,성분에디터 그린토마토엠엔엔포어미니마이징앰플마스크_벌크,2E050K,etc.,2025-11-10,외주,1,680.0,외주
3OLIMSK-023,성분에디터 그린토마토엠엔엔포어미니마이징앰플마스크_벌크,2E050K,etc.,2025-11-10,외주,2,680.0,외주
3OLIMSK-023,성분에디터 그린토마토엠엔엔포어미니마이징앰플마스크_벌크,2E050K,etc.,2025-11-10,외주,3,680.0,외주
3VTCMSK-067,VT 피디알엔 마스크(30EA)_벌크,2E047K,etc.,2025-11-10,잔량,1,0.0,소진
3VTCMSK-067,VT 피디알엔 마스크(30EA)_벌크,2E047K,etc.,2025-11-10,잔량,2,0.0,소진
3VTCMSK-067,VT 피디알엔 마스크(30EA)_벌크,2E047K,etc.,2025-11-10,잔량,3,0.0,소진
3VTCMSK-067,VT 피디알엔 마스크(30EA)_벌크,2E047K,etc.,2025-11-10,잔량,4,0.0,소진
3VTCMSK-067,VT 피디알엔 마스크(30EA)_벌크,2E047K,etc.,2025-11-10,잔량,5,0.0,소진
3VTCMSK-067,VT 피디알엔 마스크(30EA)_벌크,2E047K,etc.,2025-11-10,잔량,6,200.0,5층-A1
3TFDMSK-003,아누아 아젤라익애씨드 시카 세럼 데일리 마스크＿벌크,2E049K,etc.,2025-11-10,잔량,1,0.0,소진
3TFDMSK-003,아누아 아젤라익애씨드 시카 세럼 데일리 마스크＿벌크,2E049K,etc.,2025-11-10,잔량,2,0.0,소진
3TFDMSK-003,아누아 아젤라익애씨드 시카 세럼 데일리 마스크＿벌크,2E049K,etc.,2025-11-10,잔량,3,0.0,소진
3TFDMSK-003,아누아 아젤라익애씨드 시카 세럼 데일리 마스크＿벌크,2E049K,etc.,2025-11-10,잔량,4,0.0,소진
3TFDMSK-003,아누아 아젤라익애씨드 시카 세럼 데일리 마스크＿벌크,2E049K,etc.,2025-11-10,잔량,5,0.0,소진
3TFDMSK-003,아누아 아젤라익애씨드 시카 세럼 데일리 마스크＿벌크,2E049K,etc.,2025-11-10,잔량,6,380.0,6층-A1
3VTCCLN-004,VT 시카 마스크 클렌저_벌크,2E001K,etc.,2025-11-03,잔량,1,30.0,6층-A1
3VTCCLN-004,VT 시카 마스크 클렌저_벌크,2E001K,etc.,2025-11-03,잔량,2,40.0,6층-A1
3VTCCLN-004,VT 시카 마스크 클렌저_벌크,2E011K,etc.,2025-11-04,잔량,1,255.0,6층-A1
3VTCCLN-004,VT 시카 마스크 클렌저_벌크,2E011K,etc.,2025-11-04,잔량,2,60.0,6층-A1
3VTCLOS-060,VT 리들샷 페이셜 리페어 EGF 에센스(다이소)_벌크,2E055K,페이셜,2025-11-11,생산 中,1,560.0,6층-A1
3VTCLOS-010,VT 마일드 리들 S 50 Dr.VT_벌크,2E053K,etc.,2025-11-11,생산대기,1,290.0,2층-A1
3VTCLOS-024,VT 리들샷 300 페이셜부스팅 퍼스트앰플(VT 300 리들샷 스틱파우치)_벌크,2E051K,페이셜,2025-11-10,생산대기,1,560.0,2층-A1
3VTCLOS-023,VT 리들샷 100 페이셜부스팅 퍼스트앰플(VT 100 리들샷 스틱파우치)_벌크,2E048K,페이셜,2025-11-10,생산 中,1,560.0,6층-A1
3VTCMSK-001,시카 데일리 수딩 마스크,2E054K,etc.,2025-11-11,외주,1,920.0,외주
3VTCMSK-001,시카 데일리 수딩 마스크,2E054K,etc.,2025-11-11,외주,2,900.0,외주
3VTCMSK-001,시카 데일리 수딩 마스크,2E054K,etc.,2025-11-11,외주,3,900.0,외주
3VTCMSK-001,시카 데일리 수딩 마스크,2E054K,etc.,2025-11-11,외주,4,900.0,외주
3VTCMSK-001,시카 데일리 수딩 마스크,2E054K,etc.,2025-11-11,외주,5,900.0,외주
3VTCMSK-001,시카 데일리 수딩 마스크,2E054K,etc.,2025-11-11,외주,6,900.0,외주
3OLIESS-008,성분에디터 실크펩타이드 인텐시브 리프팅앰플_벌크,2E056K,etc.,2025-11-11,생산대기,1,645.0,2층-A1
3OLIESS-008,성분에디터 실크펩타이드 인텐시브 리프팅앰플_벌크,2E056K,etc.,2025-11-11,생산대기,2,645.0,2층-A1
3VTCLOS-016,VT 시카 카밍 크림_벌크,2E052K,etc.,2025-11-10,외주,1,670.0,외주
3VTCLOS-016,VT 시카 카밍 크림_벌크,2E052K,etc.,2025-11-10,외주,2,670.0,외주
3VTCMSK-001,시카 데일리 수딩 마스크,2E057K,etc.,2025-11-11,외주,1,920.0,외주
3VTCMSK-001,시카 데일리 수딩 마스크,2E057K,etc.,2025-11-11,외주,2,900.0,외주
3VTCMSK-001,시카 데일리 수딩 마스크,2E057K,etc.,2025-11-11,외주,3,900.0,외주
3VTCMSK-001,시카 데일리 수딩 마스크,2E057K,etc.,2025-11-11,외주,4,900.0,외주
3VTCMSK-001,시카 데일리 수딩 마스크,2E057K,etc.,2025-11-11,외주,5,900.0,외주
3VTCMSK-001,시카 데일리 수딩 마스크,2E057K,etc.,2025-11-11,외주,6,900.0,외주
3VTCSKN-007,국문_AC_에이제트 케어 토너_250ml_1ea_벌크,2E104J,etc.,2025-10-22,잔량,2,190.0,6층-A1
3VTCLOS-007,"VT 리들샷 300, VT 리들샷 300 스틱파우치(10EA)_벌크",2E122J,리들샷,2025-10-24,외주,1,580.0,외주
3VTCLOS-007,"VT 리들샷 300, VT 리들샷 300 스틱파우치(10EA)_벌크",2E122J,리들샷,2025-10-24,외주,3,790.0,외주
3VTCLOS-001,시카 에멀전 대용량,2E059J,etc.,2025-10-16,잔량,3,594.0,6층-A1
3FICMSK-001,아로셀 히알B5 수딩 패드_벌크,2E062K,etc.,2025-11-12,외주,1,830.0,외주
3FICMSK-001,아로셀 히알B5 수딩 패드_벌크,2E062K,etc.,2025-11-12,외주,2,830.0,외주
3FICMSK-001,아로셀 히알B5 수딩 패드_벌크,2E062K,etc.,2025-11-12,외주,3,820.0,외주
3VTCMSK-001,시카 데일리 수딩 마스크,2E064K,etc.,2025-11-12,외주,1,920.0,외주
3VTCMSK-001,시카 데일리 수딩 마스크,2E064K,etc.,2025-11-12,외주,2,900.0,외주
3VTCMSK-001,시카 데일리 수딩 마스크,2E064K,etc.,2025-11-12,외주,3,900.0,외주
3VTCMSK-001,시카 데일리 수딩 마스크,2E064K,etc.,2025-11-12,외주,4,900.0,외주
3VTCMSK-001,시카 데일리 수딩 마스크,2E061K,etc.,2025-11-12,외주,1,910.0,외주
3VTCMSK-001,시카 데일리 수딩 마스크,2E061K,etc.,2025-11-12,외주,2,900.0,외주
3VTCMSK-001,시카 데일리 수딩 마스크,2E061K,etc.,2025-11-12,외주,3,900.0,외주
3VTCMSK-001,시카 데일리 수딩 마스크,2E061K,etc.,2025-11-12,외주,4,900.0,외주
3REHMSK-001,리엔케이 하이퍼 히알 플럼핑 마스크_단품_벌크,2E063K,etc.,2025-11-12,외주,1,680.0,외주
3VTCLOS-007,"VT 리들샷 300, VT 리들샷 300 스틱파우치(10EA)_벌크",2E065K,etc.,2025-11-12,잔량,1,175.0,6층-A1
3VTCLOS-062,VT 리들샷 페이셜 레디언스 글루타치온 에센스(다이소)_벌크,2E066K,etc.,2025-11-13,생산 中,1,560.0,6층-A1
3OLIESS-010,성분에디터 레드어성초 바하-리노 릴리프 앰플_벌크,2E139J,etc.,2025-10-27,잔량,1,56.0,6층-A1
3EDDSKN-001,니들리 데일리 토너,2E203I,etc.,2025-09-22,잔량,2,80.0,6층-A1
3IWCMSK-004,리르 데이 바이 데이 퀵 마스크 (콜라겐),2E069K,etc.,2025-11-13,잔량,1,0.0,소진
3IWCMSK-004,리르 데이 바이 데이 퀵 마스크 (콜라겐),2E069K,etc.,2025-11-13,잔량,2,100.0,6층-A1
3VTCMSK-033,VT 시카 카밍 3STEP 마스크팩_1제(폼클렌저)_벌크,S03,사급(유상),2025-11-05,잔량(유상),1,75.0,6층-A1
3VTCLOS-061,VT 리들샷 페이셜 리프팅 펩타이드 에센스(다이소)_벌크,2E071K,etc.,2025-11-13,생산 中,1,560.0,6층-A1
3RVMMSK-002,Vikka Skincare VCA Mask(비카 스킨케어 브이씨에이 마스크) 2STEP_벌크,2E039F,etc.,2025-06-28,잔량,1,52.0,6층-A1
3VTCLOS-007,"VT 리들샷 300, VT 리들샷 300 스틱파우치(10EA)_벌크",2E068K,etc.,2025-11-13,생산대기,1,470.0,2층-A1
3VTCMSK-001,시카 데일리 수딩 마스크,2E075K,etc.,2025-11-14,외주,1,1000.0,외주
3VTCMSK-001,시카 데일리 수딩 마스크,2E075K,etc.,2025-11-14,외주,2,1000.0,외주
3VTCMSK-001,시카 데일리 수딩 마스크,2E075K,etc.,2025-11-14,외주,3,1000.0,외주
3VTCMSK-001,시카 데일리 수딩 마스크,2E075K,etc.,2025-11-14,외주,4,1000.0,외주
3VTCMSK-001,시카 데일리 수딩 마스크,2E075K,etc.,2025-11-14,외주,5,1000.0,외주
3EDDMSK-002,니들리 데일리 토너 패드,2E070K,etc.,2025-11-13,생산대기,1,1000.0,2층-A1
3EDDMSK-002,니들리 데일리 토너 패드,2E070K,etc.,2025-11-13,생산대기,2,1000.0,2층-A1
3EDDMSK-002,니들리 데일리 토너 패드,2E070K,etc.,2025-11-13,생산대기,3,1000.0,2층-A1
3EDDMSK-002,니들리 데일리 토너 패드,2E070K,etc.,2025-11-13,생산대기,4,1000.0,2층-A1
3EDDMSK-002,니들리 데일리 토너 패드,2E070K,etc.,2025-11-13,생산대기,5,1000.0,2층-A1
3EDDMSK-002,니들리 데일리 토너 패드,2E067K,etc.,2025-11-13,생산대기,1,1000.0,2층-A1
3EDDMSK-002,니들리 데일리 토너 패드,2E067K,etc.,2025-11-13,생산대기,2,1000.0,2층-A1
3EDDMSK-002,니들리 데일리 토너 패드,2E067K,etc.,2025-11-13,생산대기,3,1000.0,2층-A1
3EDDMSK-002,니들리 데일리 토너 패드,2E067K,etc.,2025-11-13,생산대기,4,1000.0,2층-A1
3EDDMSK-002,니들리 데일리 토너 패드,2E067K,etc.,2025-11-13,잔량,5,1000.0,2층-A1
3VTCMSK-087,일문_SK_루미너스 스킨팩_벌크,2E072K,etc.,2025-11-14,생산대기,1,913.0,6층-A1
3VTCMSK-087,일문_SK_루미너스 스킨팩_벌크,2E072K,etc.,2025-11-14,생산대기,2,912.0,6층-A1
3VTCMSK-087,일문_SK_루미너스 스킨팩_벌크,2E072K,etc.,2025-11-14,생산대기,3,925.0,6층-A1
3VTCMSK-087,일문_SK_루미너스 스킨팩_벌크,2E072K,etc.,2025-11-14,생산대기,4,880.0,6층-A1
3VTCMSK-087,일문_SK_루미너스 스킨팩_벌크,2E072K,etc.,2025-11-14,생산대기,5,915.0,6층-A1
3VTCMSK-087,일문_SK_루미너스 스킨팩_벌크,2E072K,etc.,2025-11-14,생산대기,6,915.0,6층-A1
3VTCMSK-001,시카 데일리 수딩 마스크,2E077K,etc.,2025-11-14,외주,1,1000.0,외주
3VTCMSK-001,시카 데일리 수딩 마스크,2E077K,etc.,2025-11-14,외주,2,1000.0,외주
3VTCMSK-001,시카 데일리 수딩 마스크,2E077K,etc.,2025-11-14,외주,3,1000.0,외주
3VTCMSK-001,시카 데일리 수딩 마스크,2E077K,etc.,2025-11-14,외주,4,1000.0,외주
3VTCMSK-001,시카 데일리 수딩 마스크,2E077K,etc.,2025-11-14,외주,5,1000.0,외주
3VTCMSK-036,VT 시카 카밍 3STEP 마스크팩_2제(마스크팩)_벌크,2E074K,etc.,2025-11-14,생산대기,1,780.0,4층-A1
3OLIESS-004,그린토마토 포어 리프팅 세럼 플레인_벌크,2E073K,etc.,2025-11-14,생산대기,1,645.0,2층-A1
3OLIESS-004,그린토마토 포어 리프팅 세럼 플레인_벌크,2E073K,etc.,2025-11-14,생산대기,2,645.0,2층-A1
3VTCLOS-007,"VT 리들샷 300, VT 리들샷 300 스틱파우치(10EA)_벌크",2E087K,etc.,2025-11-17,외주,1,890.0,외주
3VTCLOS-007,"VT 리들샷 300, VT 리들샷 300 스틱파우치(10EA)_벌크",2E087K,etc.,2025-11-17,외주,2,850.0,외주
3VTCLOS-091,VT 갈릭 AC 리들샷 젤 크림_벌크,2E309F,etc.,2025-06-28,잔량,1,52.0,창고
3VTCLOS-023,VT 리들샷 100 페이셜부스팅 퍼스트앰플(VT 100 리들샷 스틱파우치)_벌크,2E350G,etc.,2025-07-28,잔량,3,50.0,창고
3VTCMSK-077,브이티 스무스 스킨팩 일문패키지 Dr.VT (N)_벌크,2E088K,etc.,2025-11-17,생산 中,1,0.0,소진
3VTCMSK-077,브이티 스무스 스킨팩 일문패키지 Dr.VT (N)_벌크,2E088K,etc.,2025-11-17,생산 中,2,0.0,소진
3VTCMSK-077,브이티 스무스 스킨팩 일문패키지 Dr.VT (N)_벌크,2E088K,etc.,2025-11-17,생산 中,3,0.0,소진
3VTCMSK-077,브이티 스무스 스킨팩 일문패키지 Dr.VT (N)_벌크,2E088K,etc.,2025-11-17,생산 中,4,0.0,소진
3VTCMSK-077,브이티 스무스 스킨팩 일문패키지 Dr.VT (N)_벌크,2E088K,etc.,2025-11-17,생산 中,5,0.0,소진
3VTCMSK-077,브이티 스무스 스킨팩 일문패키지 Dr.VT (N)_벌크,2E088K,etc.,2025-11-17,생산 中,6,900.0,6층-A1
3VTCSKN-007,국문_AC_에이제트 케어 토너_250ml_1ea_벌크,2E079K,etc.,2025-11-17,생산대기,1,670.0,2층-A1
3VTCSKN-007,국문_AC_에이제트 케어 토너_250ml_1ea_벌크,2E079K,etc.,2025-11-17,생산대기,2,670.0,2층-A1
3VTCMSK-110,국영문_OL_카페인 아이패치_벌크,2E085K,etc.,2025-11-17,잔량,1,20.0,5층-A1
3VTCMSK-089,피디알엔 텐션 토너패드_벌크,2E083K,etc.,2025-11-17,잔량,1,920.0,소진
3VTCMSK-089,피디알엔 텐션 토너패드_벌크,2E083K,etc.,2025-11-17,잔량,2,0.0,소진
3VTCMSK-089,피디알엔 텐션 토너패드_벌크,2E083K,etc.,2025-11-17,잔량,3,0.0,소진
3VTCMSK-089,피디알엔 텐션 토너패드_벌크,2E083K,etc.,2025-11-17,잔량,4,820.0,5층-A1
3IWCMSK-001,리르 리얼 네이처 마스크 팩 진주,2E084K,etc.,2025-11-17,외주,1,1050.0,외주
3IWCMSK-002,리르 프리미엄 고트 밀크 마스크 팩,2E086K,etc.,2025-11-17,외주,1,540.0,외주
3IWCMSK-002,리르 프리미엄 고트 밀크 마스크 팩,2E086K,etc.,2025-11-17,외주,2,800.0,외주
3VTCMSK-032,VT 시카 비타씨 마스크팩_벌크,2E032J,etc.,2025-10-13,잔량,1,57.0,5층-A1
3REKMKR-001,Rael Beauty Miracle Clear SOS Retinol Chin Mask_벌크,2E050J,etc.,2025-10-15,잔량,2,36.0,5층-A1
3VTCLOS-080,VT 시카 마일드 토너 패드 일문패키지 Dr.VT(N)_벌크,2E036J,etc.,2025-10-14,잔량,1,43.0,5층-A1
3EDDMSK-002,니들리 데일리 토너 패드,2E095K,etc.,2025-11-18,생산대기,1,714.0,2층-A1
3EDDMSK-002,니들리 데일리 토너 패드,2E095K,etc.,2025-11-18,생산대기,2,714.0,2층-A1
3EDDMSK-002,니들리 데일리 토너 패드,2E095K,etc.,2025-11-18,생산대기,3,714.0,2층-A1
3EDDMSK-002,니들리 데일리 토너 패드,2E095K,etc.,2025-11-18,생산대기,4,714.0,2층-A1
3EDDMSK-002,니들리 데일리 토너 패드,2E095K,etc.,2025-11-18,생산대기,5,714.0,2층-A1
3VTCMSK-001,시카 데일리 수딩 마스크,2E092K,etc.,2025-11-18,외주,1,900.0,외주
3VTCMSK-001,시카 데일리 수딩 마스크,2E092K,etc.,2025-11-18,외주,2,900.0,외주
3VTCMSK-001,시카 데일리 수딩 마스크,2E092K,etc.,2025-11-18,외주,3,900.0,외주
3VTCMSK-001,시카 데일리 수딩 마스크,2E092K,etc.,2025-11-18,외주,4,900.0,외주
3VTCMSK-001,시카 데일리 수딩 마스크,2E092K,etc.,2025-11-18,외주,5,850.0,외주
3VTCMSK-001,시카 데일리 수딩 마스크,2E091K,etc.,2025-11-18,외주,1,870.0,외주
3CLOMSK-002,클리오 구달 라이스 가득 순한 마스크_벌크,2E096K,etc.,2025-11-19,생산대기,1,540.0,2층-A1
3VTCLOS-063,VT 리들샷 500 페이셜 부스팅 퍼스트 앰플(다이소)_벌크,2E089K,etc.,2025-11-18,생산대기,1,850.0,6층-A1
3VTCLOS-063,VT 리들샷 500 페이셜 부스팅 퍼스트 앰플(다이소)_벌크,2E089K,etc.,2025-11-18,생산대기,2,850.0,6층-A1
3IWCMSK-003,리르 데이 바이 데이 퀵 마스크 (시카),2E094K,etc.,2025-11-18,잔량,1,0.0,소진
3IWCMSK-003,리르 데이 바이 데이 퀵 마스크 (시카),2E094K,etc.,2025-11-18,잔량,2,70.0,5층-A1
3MNTMSK-003,PORELESS LABO PORE CLEANSE BUBBLE MASK(포어리스라보 포어 클렌즈 버블 마스크),2E093K,etc.,2025-11-18,외주,1,670.0,외주
3VTCLOS-064,VT 프로 시카 리들샷 S50 페이셜 부스팅 퍼스트 앰플(다이소)_벌크,2E100K,etc.,2025-11-19,생산 中,1,1030.0,6층-A1
3VTCLOS-064,VT 프로 시카 리들샷 S50 페이셜 부스팅 퍼스트 앰플(다이소)_벌크,2E100K,etc.,2025-11-19,생산 中,2,1030.0,6층-A1
3OLIESS-008,성분에디터 실크펩타이드 인텐시브 리프팅앰플_벌크,2E099K,etc.,2025-11-19,생산대기,1,660.0,2층-A1
3VTCLOS-007,"VT 리들샷 300, VT 리들샷 300 스틱파우치(10EA)_벌크",2E101K,etc.,2025-11-19,생산대기,1,710.0,2층-A1
3VTCLOS-007,"VT 리들샷 300, VT 리들샷 300 스틱파우치(10EA)_벌크",2E101K,etc.,2025-11-19,생산대기,2,710.0,2층-A1
3VTCLOS-007,"VT 리들샷 300, VT 리들샷 300 스틱파우치(10EA)_벌크",2E101K,etc.,2025-11-19,생산대기,3,710.0,2층-A1
3GNTMSK-001,바이피토 레스트 포 로맨스 피디알엔 데일리 마스크_벌크,2E098K,etc.,2025-11-19,생산대기,1,930.0,2층-A1
3GNTMSK-001,바이피토 레스트 포 로맨스 피디알엔 데일리 마스크_벌크,2E098K,etc.,2025-11-19,생산대기,2,930.0,2층-A1
3VTCSKN-008,국문_RE_리들샷 비 클리어 에이씨 워시오프 바디미스트_150ml_1ea_다이소(1072855)_벌크,2E103K,etc.,2025-11-19,생산 中,1,940.0,5층-A1
3VTCSKN-008,국문_RE_리들샷 비 클리어 에이씨 워시오프 바디미스트_150ml_1ea_다이소(1072855)_벌크,2E103K,etc.,2025-11-19,생산 中,2,900.0,5층-A1
3VTCSKN-008,국문_RE_리들샷 비 클리어 에이씨 워시오프 바디미스트_150ml_1ea_다이소(1072855)_벌크,2E103K,etc.,2025-11-19,생산 中,3,900.0,5층-A1
3VTCSKN-008,국문_RE_리들샷 비 클리어 에이씨 워시오프 바디미스트_150ml_1ea_다이소(1072855)_벌크,2E103K,etc.,2025-11-19,생산 中,4,900.0,2층-A1
3VTCSKN-008,국문_RE_리들샷 비 클리어 에이씨 워시오프 바디미스트_150ml_1ea_다이소(1072855)_벌크,2E103K,etc.,2025-11-19,생산 中,5,900.0,2층-A1
3VTCSKN-008,국문_RE_리들샷 비 클리어 에이씨 워시오프 바디미스트_150ml_1ea_다이소(1072855)_벌크,2E103K,etc.,2025-11-19,생산 中,6,900.0,2층-A1
3VTCSKN-009,국문_RE_리들샷 비 클리어 톤온 바디미스트_150ml_1ea_다이소(1072858)_벌크,2E102K,etc.,2025-11-19,생산대기,1,950.0,2층-A1
3VTCSKN-009,국문_RE_리들샷 비 클리어 톤온 바디미스트_150ml_1ea_다이소(1072858)_벌크,2E102K,etc.,2025-11-19,생산대기,2,900.0,2층-A1
3VTCSKN-009,국문_RE_리들샷 비 클리어 톤온 바디미스트_150ml_1ea_다이소(1072858)_벌크,2E102K,etc.,2025-11-19,생산대기,3,900.0,2층-A1
3VTCSKN-009,국문_RE_리들샷 비 클리어 톤온 바디미스트_150ml_1ea_다이소(1072858)_벌크,2E102K,etc.,2025-11-19,생산대기,4,900.0,2층-A1
3VTCSKN-009,국문_RE_리들샷 비 클리어 톤온 바디미스트_150ml_1ea_다이소(1072858)_벌크,2E102K,etc.,2025-11-19,생산대기,5,900.0,2층-A1
3VTCSKN-009,국문_RE_리들샷 비 클리어 톤온 바디미스트_150ml_1ea_다이소(1072858)_벌크,2E102K,etc.,2025-11-19,생산대기,6,900.0,2층-A1
3VTCSKN-009,국문_RE_리들샷 비 클리어 톤온 바디미스트_150ml_1ea_다이소(1072858)_벌크,2E097K,etc.,2025-11-19,생산 中,1,0.0,소진
3VTCSKN-009,국문_RE_리들샷 비 클리어 톤온 바디미스트_150ml_1ea_다이소(1072858)_벌크,2E097K,etc.,2025-11-19,생산 中,2,900.0,5층-A1
3VTCSKN-009,국문_RE_리들샷 비 클리어 톤온 바디미스트_150ml_1ea_다이소(1072858)_벌크,2E097K,etc.,2025-11-19,생산 中,3,900.0,5층-A1
3VTCSKN-009,국문_RE_리들샷 비 클리어 톤온 바디미스트_150ml_1ea_다이소(1072858)_벌크,2E097K,etc.,2025-11-19,생산 中,4,900.0,2층-A1
3VTCSKN-009,국문_RE_리들샷 비 클리어 톤온 바디미스트_150ml_1ea_다이소(1072858)_벌크,2E097K,etc.,2025-11-19,생산 中,5,900.0,2층-A1
3VTCSKN-009,국문_RE_리들샷 비 클리어 톤온 바디미스트_150ml_1ea_다이소(1072858)_벌크,2E097K,etc.,2025-11-19,생산 中,6,900.0,2층-A1
3ORGMSK-004,오가닉팜코리아 어성초캡슐팩,2E107K,etc.,2025-11-20,생산대기,1,820.0,4층-A1
3ORGMSK-003,오가닉팜코리아 에그캡슐팩,2E108K,etc.,2025-11-20,생산대기,1,820.0,4층-A1
3MBTETC-001,Derma Revitalizing Essence (더마 에센스)_벌크,2E104K,etc.,2025-11-20,생산대기,1,300.0,2층-A1
3VTCLOS-006,"VT 리들샷 100, VT 리들샷 100 스틱파우치(10EA)_벌크",2E105K,etc.,2025-11-20,생산대기,1,880.0,2층-A1
3VTCLOS-006,"VT 리들샷 100, VT 리들샷 100 스틱파우치(10EA)_벌크",2E105K,etc.,2025-11-20,생산대기,2,880.0,2층-A1
3VTCLOS-006,"VT 리들샷 100, VT 리들샷 100 스틱파우치(10EA)_벌크",2E105K,etc.,2025-11-20,생산대기,3,880.0,2층-A1
3VTCLOS-006,"VT 리들샷 100, VT 리들샷 100 스틱파우치(10EA)_벌크",2E109K,etc.,2025-11-20,생산대기,1,880.0,2층-A1
3VTCLOS-006,"VT 리들샷 100, VT 리들샷 100 스틱파우치(10EA)_벌크",2E109K,etc.,2025-11-20,생산대기,2,880.0,2층-A1
3VTCLOS-006,"VT 리들샷 100, VT 리들샷 100 스틱파우치(10EA)_벌크",2E109K,etc.,2025-11-20,생산대기,3,880.0,2층-A1
3VTCSKN-008,국문_RE_리들샷 비 클리어 에이씨 워시오프 바디미스트_150ml_1ea_다이소(1072855)_벌크,2E106K,etc.,2025-11-20,생산대기,1,940.0,2층-A1
3VTCSKN-008,국문_RE_리들샷 비 클리어 에이씨 워시오프 바디미스트_150ml_1ea_다이소(1072855)_벌크,2E106K,etc.,2025-11-20,생산대기,2,900.0,2층-A1
3VTCSKN-008,국문_RE_리들샷 비 클리어 에이씨 워시오프 바디미스트_150ml_1ea_다이소(1072855)_벌크,2E106K,etc.,2025-11-20,생산대기,3,900.0,2층-A1
3VTCSKN-008,국문_RE_리들샷 비 클리어 에이씨 워시오프 바디미스트_150ml_1ea_다이소(1072855)_벌크,2E106K,etc.,2025-11-20,생산대기,4,900.0,2층-A1
3VTCSKN-008,국문_RE_리들샷 비 클리어 에이씨 워시오프 바디미스트_150ml_1ea_다이소(1072855)_벌크,2E106K,etc.,2025-11-20,생산대기,5,900.0,2층-A1
3VTCSKN-008,국문_RE_리들샷 비 클리어 에이씨 워시오프 바디미스트_150ml_1ea_다이소(1072855)_벌크,2E106K,etc.,2025-11-20,생산대기,6,900.0,2층-A1
3KKMMSK-018,아비브 글루타치온 비타시트 마스크 데일리_픽 350ml_벌크(사급),EK001,etc.,2025-11-19,생산 中(무상),1,0.0,소진
3KKMMSK-018,아비브 글루타치온 비타시트 마스크 데일리_픽 350ml_벌크(사급),EK001,etc.,2025-11-19,생산 中(무상),2,965.0,5층-A1
3KKMMSK-018,아비브 글루타치온 비타시트 마스크 데일리_픽 350ml_벌크(사급),EK002,etc.,2025-11-19,잔량(무상),1,893.0,5층-A1
3KKMMSK-018,아비브 글루타치온 비타시트 마스크 데일리_픽 350ml_벌크(사급),EK002,etc.,2025-11-19,잔량(무상),2,873.0,5층-A1
3KKMMSK-018,아비브 글루타치온 비타시트 마스크 데일리_픽 350ml_벌크(사급),EK003,etc.,2025-11-19,잔량(무상),1,907.0,2층-A1
3KKMMSK-018,아비브 글루타치온 비타시트 마스크 데일리_픽 350ml_벌크(사급),EK003,etc.,2025-11-19,잔량(무상),2,858.0,2층-A1
3VTCMSK-111,일문_AZ_에이제트 케어 마스크_330g/30ea_1ea_벌크,2E112K,etc.,2025-11-21,생산 中,1,880.0,2층-A1
3VTCMSK-111,일문_AZ_에이제트 케어 마스크_330g/30ea_1ea_벌크,2E112K,etc.,2025-11-21,생산 中,2,870.0,2층-A1
3VTCMSK-111,일문_AZ_에이제트 케어 마스크_330g/30ea_1ea_벌크,2E112K,etc.,2025-11-21,생산 中,3,870.0,2층-A1
3VTCMSK-111,일문_AZ_에이제트 케어 마스크_330g/30ea_1ea_벌크,2E112K,etc.,2025-11-21,생산 中,4,870.0,2층-A1
3VTCLOS-030,"VT S100 콜라겐 리들 스틱 파우치(6매입) 일문패키지 Dr.VT(돈키호테), VT 100 콜라겐 리들샷 스틱파우치_벌크",2E117K,etc.,2025-11-21,생산대기,1,930.0,2층-A1
3VTCLOS-008,VT 리들샷 700_벌크,2E110K,etc.,2025-11-21,생산대기,1,177.0,2층-A1
3VTCLOS-057,VT 하이드롭 리들샷 100HL_벌크,2E111K,etc.,2025-11-21,생산대기,1,700.0,6층-A1
3VTCLOS-049,VT 비타-라이트 리들샷 100_벌크,2E115K,etc.,2025-11-21,외주,1,290.0,외주
3TMRMSK-009,마스터랩 콜라겐 마스크 시트,2E114K,etc.,2025-11-21,생산대기,1,800.0,2층-A1
3TMRMSK-009,마스터랩 콜라겐 마스크 시트,2E114K,etc.,2025-11-21,생산대기,2,790.0,2층-A1
3VTCMSK-085,국문_PD_피디알엔 광채 시트 마스크_25g_1ea_다이소(1067499)_벌크,2E118K,etc.,2025-11-21,생산대기,1,830.0,2층-A1
3VTCMSK-085,국문_PD_피디알엔 광채 시트 마스크_25g_1ea_다이소(1067499)_벌크,2E118K,etc.,2025-11-21,생산대기,2,830.0,2층-A1
3VTCMSK-085,국문_PD_피디알엔 광채 시트 마스크_25g_1ea_다이소(1067499)_벌크,2E118K,etc.,2025-11-21,생산대기,3,830.0,2층-A1
3VTCMSK-085,국문_PD_피디알엔 광채 시트 마스크_25g_1ea_다이소(1067499)_벌크,2E118K,etc.,2025-11-21,생산대기,4,830.0,2층-A1
3VTCMSK-085,국문_PD_피디알엔 광채 시트 마스크_25g_1ea_다이소(1067499)_벌크,2E118K,etc.,2025-11-21,생산대기,5,830.0,2층-A1
3VTCLOS-080,VT 시카 마일드 토너 패드 일문패키지 Dr.VT(N)_벌크,2E116K,etc.,2025-11-21,생산대기,1,860.0,2층-A1
3VTCLOS-080,VT 시카 마일드 토너 패드 일문패키지 Dr.VT(N)_벌크,2E116K,etc.,2025-11-21,생산대기,2,860.0,2층-A1
3VTCLOS-080,VT 시카 마일드 토너 패드 일문패키지 Dr.VT(N)_벌크,2E116K,etc.,2025-11-21,생산대기,3,860.0,2층-A1
3VTCLOS-080,VT 시카 마일드 토너 패드 일문패키지 Dr.VT(N)_벌크,2E116K,etc.,2025-11-21,생산대기,4,860.0,2층-A1
3KKMMSK-015,안티트러블패드 60매 본품_임가공_벌크(사급),EI007,사급(무상),2025-09-12,생산대기,1,1000.0,미지정
3KKMMSK-015,안티트러블패드 60매 본품_임가공_벌크(사급),EI007,사급(무상),2025-09-12,생산대기,2,1000.0,미지정
3KKMMSK-015,안티트러블패드 60매 본품_임가공_벌크(사급),EI007,사급(무상),2025-09-12,생산대기,3,540.0,미지정
3VTCMSK-026,VT 시카 레티-에이 올인원 3스텝 마스크_STEP2(에센스)_벌크,2SE379/E21D004,사급(유상),2024-05-21,생산대기,1,80.0,미지정
3VTCMSK-033,VT 시카 카밍 3STEP 마스크팩_1제(폼클렌저)_벌크,S01,사급(유상),2025-05-13,생산대기,1,80.0,미지정
3KKMMSK-015,안티트러블패드 60매 본품_임가공_벌크(사급),EG003,사급(무상),2025-07-11,생산대기,1,1000.0,미지정
3KKMMSK-015,안티트러블패드 60매 본품_임가공_벌크(사급),EG003,사급(무상),2025-07-11,생산대기,2,48.0,미지정
